1,63,123,63,1,142,NULL,2019-08-24 23:00:00,1,2024-04-23 02:01:42,2024-04-23 02:01:42
2,29,234,234,1,441,NULL,2019-08-30 02:15:00,1,2024-04-23 02:01:42,2024-04-23 02:01:42
3,118,165,118,1,455,NULL,2019-08-31 16:00:00,1,2024-04-23 02:01:42,2024-04-23 02:01:42
4,101,222,101,1,182,NULL,2019-08-31 16:00:00,1,2024-04-23 02:01:42,2024-04-23 02:01:42
5,201,157,201,1,701,NULL,2019-08-31 20:00:00,1,2024-04-23 02:01:42,2024-04-23 02:01:42
6,67,21,21,1,99,NULL,2019-08-31 16:00:00,1,2024-04-23 02:01:42,2024-04-23 02:01:42
7,16,166,16,1,56,NULL,2019-08-31 23:30:00,1,2024-04-23 02:01:42,2024-04-23 02:01:42
8,170,243,243,1,342,NULL,2019-08-31 23:30:00,1,2024-04-23 02:01:42,2024-04-23 02:01:42
9,233,69,233,1,463,NULL,2019-09-01 02:30:00,1,2024-04-23 02:01:42,2024-04-23 02:01:42
10,162,82,162,1,300,NULL,2019-09-01 23:30:00,1,2024-04-23 02:01:42,2024-04-23 02:01:42
11,161,39,161,2,553,NULL,2019-09-07 16:00:00,1,2024-04-23 02:01:42,2024-04-23 02:01:42
12,116,208,116,2,482,NULL,2019-09-07 16:00:00,1,2024-04-23 02:01:42,2024-04-23 02:01:42
13,175,241,175,2,637,NULL,2019-09-07 16:00:00,1,2024-04-23 02:01:42,2024-04-23 02:01:42
14,40,216,40,2,500,NULL,2019-09-07 19:30:00,1,2024-04-23 02:01:42,2024-04-23 02:01:42
15,188,156,188,2,308,NULL,2019-09-07 23:00:00,1,2024-04-23 02:01:42,2024-04-23 02:01:42
16,212,29,29,2,543,NULL,2019-09-07 23:00:00,1,2024-04-23 02:01:42,2024-04-23 02:01:42
17,215,112,112,2,206,NULL,2019-09-07 23:30:00,1,2024-04-23 02:01:42,2024-04-23 02:01:42
18,16,225,16,2,409,NULL,2019-09-07 23:30:00,1,2024-04-23 02:01:42,2024-04-23 02:01:42
19,248,30,30,2,366,NULL,2019-09-08 02:30:00,1,2024-04-23 02:01:42,2024-04-23 02:01:42
20,233,201,233,2,463,NULL,2019-09-08 02:30:00,1,2024-04-23 02:01:42,2024-04-23 02:01:42
21,247,147,247,3,69,NULL,2019-09-13 22:00:00,1,2024-04-23 02:01:42,2024-04-23 02:01:42
22,127,98,98,3,210,NULL,2019-09-14 16:00:00,1,2024-04-23 02:01:42,2024-04-23 02:01:42
23,255,138,255,3,531,NULL,2019-09-14 16:00:00,1,2024-04-23 02:01:42,2024-04-23 02:01:42
24,229,201,229,3,116,NULL,2019-09-14 19:30:00,1,2024-04-23 02:01:42,2024-04-23 02:01:42
25,29,233,29,3,441,NULL,2019-09-14 19:30:00,1,2024-04-23 02:01:42,2024-04-23 02:01:42
26,93,92,92,3,380,NULL,2019-09-14 20:00:00,1,2024-04-23 02:01:42,2024-04-23 02:01:42
27,248,80,248,3,366,NULL,2019-09-14 23:30:00,1,2024-04-23 02:01:42,2024-04-23 02:01:42
28,175,210,210,3,637,NULL,2019-09-14 23:30:00,1,2024-04-23 02:01:42,2024-04-23 02:01:42
29,243,67,243,3,660,NULL,2019-09-14 23:30:00,1,2024-04-23 02:01:42,2024-04-23 02:01:42
30,10,220,10,3,47,NULL,2019-09-15 02:30:00,1,2024-04-23 02:01:42,2024-04-23 02:01:42
31,233,234,233,4,463,NULL,2019-09-21 01:00:00,1,2024-04-23 02:01:42,2024-04-23 02:01:42
32,257,123,257,4,143,NULL,2019-09-21 16:00:00,1,2024-04-23 02:01:42,2024-04-23 02:01:42
33,157,124,124,4,642,NULL,2019-09-21 16:00:00,1,2024-04-23 02:01:42,2024-04-23 02:01:42
34,216,16,16,4,433,NULL,2019-09-21 19:30:00,1,2024-04-23 02:01:42,2024-04-23 02:01:42
35,29,248,248,4,441,NULL,2019-09-21 19:30:00,1,2024-04-23 02:01:42,2024-04-23 02:01:42
36,147,7,7,4,416,NULL,2019-09-21 19:30:00,1,2024-04-23 02:01:42,2024-04-23 02:01:42
37,210,188,188,4,37,NULL,2019-09-21 19:30:00,1,2024-04-23 02:01:42,2024-04-23 02:01:42
38,142,143,142,4,757,NULL,2019-09-21 20:30:00,1,2024-04-23 02:01:42,2024-04-23 02:01:42
39,215,163,215,4,206,NULL,2019-09-21 23:30:00,1,2024-04-23 02:01:42,2024-04-23 02:01:42
40,73,159,73,4,650,NULL,2019-09-22 00:00:00,1,2024-04-23 02:01:42,2024-04-23 02:01:42
41,116,168,168,5,482,NULL,2019-09-28 00:00:00,1,2024-04-23 02:01:42,2024-04-23 02:01:42
42,222,29,222,5,312,NULL,2019-09-28 16:00:00,1,2024-04-23 02:01:42,2024-04-23 02:01:42
43,147,40,40,5,416,NULL,2019-09-28 19:30:00,1,2024-04-23 02:01:42,2024-04-23 02:01:42
44,159,243,159,5,546,NULL,2019-09-28 19:30:00,1,2024-04-23 02:01:42,2024-04-23 02:01:42
45,248,233,248,5,366,NULL,2019-09-28 19:30:00,1,2024-04-23 02:01:42,2024-04-23 02:01:42
46,19,93,19,5,493,NULL,2019-09-28 19:30:00,1,2024-04-23 02:01:42,2024-04-23 02:01:42
47,7,41,7,5,424,NULL,2019-09-28 19:30:00,1,2024-04-23 02:01:42,2024-04-23 02:01:42
48,163,98,163,5,106,NULL,2019-09-28 23:00:00,1,2024-04-23 02:01:42,2024-04-23 02:01:42
49,156,82,82,5,44,NULL,2019-09-29 00:00:00,1,2024-04-23 02:01:42,2024-04-23 02:01:42
50,234,249,234,5,611,NULL,2019-09-29 02:00:00,1,2024-04-23 02:01:42,2024-04-23 02:01:42
51,39,229,39,6,544,NULL,2019-10-05 00:00:00,1,2024-04-23 02:01:42,2024-04-23 02:01:42
52,123,92,123,6,521,NULL,2019-10-05 16:00:00,1,2024-04-23 02:01:42,2024-04-23 02:01:42
53,15,225,225,6,92,NULL,2019-10-05 16:00:00,1,2024-04-23 02:01:42,2024-04-23 02:01:42
54,63,16,63,6,77,NULL,2019-10-05 19:30:00,1,2024-04-23 02:01:42,2024-04-23 02:01:42
55,98,19,19,6,85,NULL,2019-10-05 19:30:00,1,2024-04-23 02:01:42,2024-04-23 02:01:42
56,27,160,160,6,752,NULL,2019-10-05 19:30:00,1,2024-04-23 02:01:42,2024-04-23 02:01:42
57,137,2,137,6,540,NULL,2019-10-05 19:30:00,1,2024-04-23 02:01:42,2024-04-23 02:01:42
58,109,118,118,6,474,NULL,2019-10-05 19:45:00,1,2024-04-23 02:01:42,2024-04-23 02:01:42
59,161,124,161,6,553,NULL,2019-10-05 23:30:00,1,2024-04-23 02:01:42,2024-04-23 02:01:42
60,166,30,166,6,60,NULL,2019-10-06 00:00:00,1,2024-04-23 02:01:42,2024-04-23 02:01:42
61,108,7,7,7,137,NULL,2019-10-10 00:00:00,1,2024-04-23 02:01:42,2024-04-23 02:01:42
62,215,162,162,7,189,NULL,2019-10-12 16:00:00,1,2024-04-23 02:01:42,2024-04-23 02:01:42
63,257,124,257,7,143,NULL,2019-10-12 19:30:00,1,2024-04-23 02:01:42,2024-04-23 02:01:42
64,82,39,39,7,404,NULL,2019-10-12 19:30:00,1,2024-04-23 02:01:42,2024-04-23 02:01:42
65,198,156,198,7,527,NULL,2019-10-12 23:00:00,1,2024-04-23 02:01:42,2024-04-23 02:01:42
66,159,233,159,7,546,NULL,2019-10-12 23:30:00,1,2024-04-23 02:01:42,2024-04-23 02:01:42
67,92,168,168,7,425,NULL,2019-10-12 23:30:00,1,2024-04-23 02:01:42,2024-04-23 02:01:42
68,112,63,112,7,731,NULL,2019-10-13 00:00:00,1,2024-04-23 02:01:42,2024-04-23 02:01:42
69,21,80,21,7,14,NULL,2019-10-13 02:15:00,1,2024-04-23 02:01:42,2024-04-23 02:01:42
70,248,10,10,7,47,NULL,2019-10-13 03:00:00,1,2024-04-23 02:01:42,2024-04-23 02:01:42
71,98,210,98,8,85,NULL,2019-10-19 18:30:00,1,2024-04-23 02:01:42,2024-04-23 02:01:42
72,248,166,166,8,366,NULL,2019-10-19 19:30:00,1,2024-04-23 02:01:42,2024-04-23 02:01:42
73,188,211,188,8,308,NULL,2019-10-19 19:30:00,1,2024-04-23 02:01:42,2024-04-23 02:01:42
74,110,198,110,8,395,NULL,2019-10-19 19:30:00,1,2024-04-23 02:01:42,2024-04-23 02:01:42
75,163,19,19,8,106,NULL,2019-10-19 20:00:00,1,2024-04-23 02:01:42,2024-04-23 02:01:42
76,234,11,234,8,611,NULL,2019-10-19 22:00:00,1,2024-04-23 02:01:42,2024-04-23 02:01:42
77,118,225,118,8,455,NULL,2019-10-19 23:00:00,1,2024-04-23 02:01:42,2024-04-23 02:01:42
78,168,123,168,8,73,NULL,2019-10-19 23:30:00,1,2024-04-23 02:01:42,2024-04-23 02:01:42
79,233,10,233,8,463,NULL,2019-10-20 01:30:00,1,2024-04-23 02:01:42,2024-04-23 02:01:42
80,29,21,29,8,441,NULL,2019-10-20 02:15:00,1,2024-04-23 02:01:42,2024-04-23 02:01:42
81,82,188,188,9,404,NULL,2019-10-24 23:30:00,1,2024-04-23 02:01:42,2024-04-23 02:01:42
82,161,257,161,9,553,NULL,2019-10-26 16:00:00,1,2024-04-23 02:01:42,2024-04-23 02:01:42
83,112,16,112,9,731,NULL,2019-10-26 19:30:00,1,2024-04-23 02:01:42,2024-04-23 02:01:42
84,93,163,163,9,380,NULL,2019-10-26 19:30:00,1,2024-04-23 02:01:42,2024-04-23 02:01:42
85,231,46,46,9,781,NULL,2019-10-26 19:30:00,1,2024-04-23 02:01:42,2024-04-23 02:01:42
86,211,229,229,9,457,NULL,2019-10-26 23:00:00,1,2024-04-23 02:01:42,2024-04-23 02:01:42
87,123,159,123,9,521,NULL,2019-10-26 23:30:00,1,2024-04-23 02:01:42,2024-04-23 02:01:42
88,234,30,234,9,611,NULL,2019-10-27 02:00:00,1,2024-04-23 02:01:42,2024-04-23 02:01:42
89,2,235,2,9,258,NULL,2019-10-27 02:15:00,1,2024-04-23 02:01:42,2024-04-23 02:01:42
90,166,249,166,9,60,NULL,2019-10-27 02:30:00,1,2024-04-23 02:01:42,2024-04-23 02:01:42
91,7,74,74,10,424,NULL,2019-11-01 00:00:00,1,2024-04-23 02:01:42,2024-04-23 02:01:42
92,59,27,27,10,643,NULL,2019-11-02 16:00:00,1,2024-04-23 02:01:42,2024-04-23 02:01:42
93,63,73,73,10,257,NULL,2019-11-02 19:30:00,1,2024-04-23 02:01:42,2024-04-23 02:01:42
94,67,121,121,10,99,NULL,2019-11-02 19:30:00,1,2024-04-23 02:01:42,2024-04-23 02:01:42
95,163,210,163,10,106,NULL,2019-11-02 19:30:00,1,2024-04-23 02:01:42,2024-04-23 02:01:42
96,248,234,234,10,366,NULL,2019-11-02 20:00:00,1,2024-04-23 02:01:42,2024-04-23 02:01:42
97,118,188,118,10,455,NULL,2019-11-02 23:30:00,1,2024-04-23 02:01:42,2024-04-23 02:01:42
98,147,243,243,10,416,NULL,2019-11-02 23:30:00,1,2024-04-23 02:01:42,2024-04-23 02:01:42
99,233,166,166,10,463,NULL,2019-11-03 00:00:00,1,2024-04-23 02:01:42,2024-04-23 02:01:42
100,80,69,69,10,22,NULL,2019-11-03 03:59:00,1,2024-04-23 02:01:42,2024-04-23 02:01:42
101,160,121,121,11,574,NULL,2019-11-07 01:00:00,1,2024-04-23 02:01:42,2024-04-23 02:01:42
102,126,168,126,11,722,NULL,2019-11-09 17:00:00,1,2024-04-23 02:01:42,2024-04-23 02:01:42
103,210,19,19,11,37,NULL,2019-11-09 17:00:00,1,2024-04-23 02:01:42,2024-04-23 02:01:42
104,4,112,112,11,123,NULL,2019-11-09 20:30:00,1,2024-04-23 02:01:42,2024-04-23 02:01:42
105,215,98,215,11,206,NULL,2019-11-09 20:30:00,1,2024-04-23 02:01:42,2024-04-23 02:01:42
106,198,227,198,11,527,NULL,2019-11-09 20:30:00,1,2024-04-23 02:01:42,2024-04-23 02:01:42
107,257,92,257,11,143,NULL,2019-11-09 21:00:00,1,2024-04-23 02:01:42,2024-04-23 02:01:42
108,65,66,65,11,265,NULL,2019-11-09 23:00:00,1,2024-04-23 02:01:42,2024-04-23 02:01:42
109,190,7,7,11,804,NULL,2019-11-10 00:00:00,1,2024-04-23 02:01:42,2024-04-23 02:01:42
110,162,93,162,11,300,NULL,2019-11-10 01:00:00,1,2024-04-23 02:01:42,2024-04-23 02:01:42
111,168,90,168,12,73,NULL,2019-11-16 17:00:00,1,2024-04-23 02:01:42,2024-04-23 02:01:42
112,123,124,123,12,521,NULL,2019-11-16 17:00:00,1,2024-04-23 02:01:42,2024-04-23 02:01:42
113,211,225,211,12,457,NULL,2019-11-16 17:00:00,1,2024-04-23 02:01:42,2024-04-23 02:01:42
114,159,137,159,12,546,NULL,2019-11-16 19:30:00,1,2024-04-23 02:01:42,2024-04-23 02:01:42
115,40,247,40,12,500,NULL,2019-11-16 20:30:00,1,2024-04-23 02:01:42,2024-04-23 02:01:42
116,16,73,73,12,409,NULL,2019-11-16 20:30:00,1,2024-04-23 02:01:42,2024-04-23 02:01:42
117,93,215,93,12,380,NULL,2019-11-16 20:30:00,1,2024-04-23 02:01:42,2024-04-23 02:01:42
118,92,126,92,12,425,NULL,2019-11-16 21:00:00,1,2024-04-23 02:01:42,2024-04-23 02:01:42
119,19,162,162,12,493,NULL,2019-11-17 00:30:00,1,2024-04-23 02:01:42,2024-04-23 02:01:42
120,234,230,234,12,611,NULL,2019-11-17 01:00:00,1,2024-04-23 02:01:42,2024-04-23 02:01:42
121,161,168,161,13,553,NULL,2019-11-23 17:00:00,1,2024-04-23 02:01:42,2024-04-23 02:01:42
122,92,87,92,13,425,NULL,2019-11-23 17:00:00,1,2024-04-23 02:01:42,2024-04-23 02:01:42
123,225,229,229,13,78,NULL,2019-11-23 17:00:00,1,2024-04-23 02:01:42,2024-04-23 02:01:42
124,133,132,133,13,101,NULL,2019-11-23 19:00:00,1,2024-04-23 02:01:42,2024-04-23 02:01:42
125,73,216,73,13,650,NULL,2019-11-23 20:30:00,1,2024-04-23 02:01:42,2024-04-23 02:01:42
126,19,215,19,13,493,NULL,2019-11-23 20:30:00,1,2024-04-23 02:01:42,2024-04-23 02:01:42
127,90,123,123,13,500,NULL,2019-11-23 20:30:00,1,2024-04-23 02:01:42,2024-04-23 02:01:42
128,201,30,30,13,701,NULL,2019-11-23 21:00:00,1,2024-04-23 02:01:42,2024-04-23 02:01:42
129,39,211,39,13,544,NULL,2019-11-24 00:00:00,1,2024-04-23 02:01:42,2024-04-23 02:01:42
130,80,186,80,13,22,NULL,2019-11-24 04:00:00,1,2024-04-23 02:01:42,2024-04-23 02:01:42
131,243,244,243,14,660,NULL,2019-11-29 17:00:00,1,2024-04-23 02:01:42,2024-04-23 02:01:42
132,118,39,118,14,455,NULL,2019-11-29 20:30:00,1,2024-04-23 02:01:42,2024-04-23 02:01:42
133,123,161,161,14,521,NULL,2019-11-30 17:00:00,1,2024-04-23 02:01:42,2024-04-23 02:01:42
134,16,4,16,14,409,NULL,2019-11-30 20:30:00,1,2024-04-23 02:01:42,2024-04-23 02:01:42
135,126,257,257,14,722,NULL,2019-11-30 20:30:00,1,2024-04-23 02:01:42,2024-04-23 02:01:42
136,65,198,65,14,265,NULL,2019-11-30 20:30:00,1,2024-04-23 02:01:42,2024-04-23 02:01:42
137,201,159,159,14,701,NULL,2019-11-30 21:00:00,1,2024-04-23 02:01:42,2024-04-23 02:01:42
138,188,225,188,14,308,NULL,2019-11-30 21:00:00,1,2024-04-23 02:01:42,2024-04-23 02:01:42
139,98,93,98,14,85,NULL,2019-12-01 00:00:00,1,2024-04-23 02:01:42,2024-04-23 02:01:42
140,163,162,162,14,106,NULL,2019-12-01 01:00:00,1,2024-04-23 02:01:42,2024-04-23 02:01:42
141,166,234,234,17,635,NULL,2020-01-01 22:10:00,1,2024-04-23 02:01:42,2024-04-23 02:01:42
142,162,19,162,17,515,NULL,2019-12-28 21:20:00,1,2024-04-23 02:01:42,2024-04-23 02:01:42
143,7,108,108,17,516,NULL,2019-12-22 02:00:00,1,2024-04-23 02:01:42,2024-04-23 02:01:42
144,35,122,35,17,757,NULL,2019-12-21 19:00:00,1,2024-04-23 02:01:42,2024-04-23 02:01:42
145,65,227,65,17,265,NULL,2019-12-21 20:30:00,1,2024-04-23 02:01:42,2024-04-23 02:01:42
146,118,39,118,17,56,NULL,2019-12-28 17:00:00,1,2024-04-23 02:01:42,2024-04-23 02:01:42
147,112,73,112,17,515,NULL,2019-12-28 21:20:00,1,2024-04-23 02:01:42,2024-04-23 02:01:42
148,21,80,21,17,647,NULL,2019-12-22 00:30:00,1,2024-04-23 02:01:42,2024-04-23 02:01:42
149,40,243,243,17,756,NULL,2019-12-29 01:20:00,1,2024-04-23 02:01:42,2024-04-23 02:01:42
150,257,161,161,17,635,NULL,2020-01-01 22:10:00,1,2024-04-23 02:01:42,2024-04-23 02:01:42
151,37,27,27,17,729,NULL,2019-12-20 19:00:00,1,2024-04-23 02:01:42,2024-04-23 02:01:42
152,98,235,235,17,455,NULL,2019-12-31 20:45:00,1,2024-04-23 02:01:42,2024-04-23 02:01:42
153,186,35,186,17,757,NULL,2019-12-21 19:00:00,1,2024-04-23 02:01:42,2024-04-23 02:01:42
154,74,105,105,17,557,NULL,2019-12-21 19:30:00,1,2024-04-23 02:01:42,2024-04-23 02:01:42
155,65,188,65,17,265,NULL,2019-12-21 20:30:00,1,2024-04-23 02:01:42,2024-04-23 02:01:42
156,14,66,14,17,196,NULL,2019-12-21 22:30:00,1,2024-04-23 02:01:42,2024-04-23 02:01:42
157,248,21,248,17,647,NULL,2019-12-22 00:30:00,1,2024-04-23 02:01:42,2024-04-23 02:01:42
158,227,7,7,17,516,NULL,2019-12-22 02:00:00,1,2024-04-23 02:01:42,2024-04-23 02:01:42
159,115,229,229,17,599,NULL,2019-12-23 19:30:00,1,2024-04-23 02:01:42,2024-04-23 02:01:42
160,29,80,80,17,22,NULL,2019-12-25 01:00:00,1,2024-04-23 02:01:42,2024-04-23 02:01:42
161,121,110,110,17,370,NULL,2019-12-26 21:00:00,1,2024-04-23 02:01:42,2024-04-23 02:01:42
162,59,170,170,17,278,NULL,2019-12-27 01:00:00,1,2024-04-23 02:01:42,2024-04-23 02:01:42
163,211,147,147,17,540,NULL,2019-12-27 17:00:00,1,2024-04-23 02:01:42,2024-04-23 02:01:42
164,247,124,124,17,813,NULL,2019-12-27 20:20:00,1,2024-04-23 02:01:42,2024-04-23 02:01:42
165,216,163,216,17,548,NULL,2019-12-27 23:45:00,1,2024-04-23 02:01:42,2024-04-23 02:01:42
166,92,233,92,17,589,NULL,2019-12-28 01:00:00,1,2024-04-23 02:01:42,2024-04-23 02:01:42
167,249,2,2,17,167,NULL,2019-12-28 03:15:00,1,2024-04-23 02:01:42,2024-04-23 02:01:42
168,168,118,168,17,56,NULL,2019-12-28 17:00:00,1,2024-04-23 02:01:42,2024-04-23 02:01:42
169,93,159,159,17,142,NULL,2019-12-28 17:00:00,1,2024-04-23 02:01:42,2024-04-23 02:01:42
170,112,162,112,17,515,NULL,2019-12-28 21:20:00,1,2024-04-23 02:01:42,2024-04-23 02:01:42
171,161,40,40,17,756,NULL,2019-12-29 01:20:00,1,2024-04-23 02:01:42,2024-04-23 02:01:42
172,254,253,253,17,308,NULL,2019-12-30 17:30:00,1,2024-04-23 02:01:42,2024-04-23 02:01:42
173,111,127,111,17,545,NULL,2019-12-30 21:00:00,1,2024-04-23 02:01:42,2024-04-23 02:01:42
174,87,30,30,17,452,NULL,2019-12-30 21:00:00,1,2024-04-23 02:01:42,2024-04-23 02:01:42
175,243,63,63,17,335,NULL,2019-12-31 01:00:00,1,2024-04-23 02:01:42,2024-04-23 02:01:42
176,101,244,101,17,65,NULL,2019-12-31 17:00:00,1,2024-04-23 02:01:42,2024-04-23 02:01:42
177,11,67,11,17,715,NULL,2019-12-31 19:00:00,1,2024-04-23 02:01:42,2024-04-23 02:01:42
178,98,137,137,17,455,NULL,2019-12-31 20:45:00,1,2024-04-23 02:01:42,2024-04-23 02:01:42
179,75,259,259,17,47,NULL,2019-12-31 21:30:00,1,2024-04-23 02:01:42,2024-04-23 02:01:42
180,215,234,215,17,11,NULL,2020-01-01 00:30:00,1,2024-04-23 02:01:42,2024-04-23 02:01:42
181,16,126,126,17,599,NULL,2020-01-01 18:00:00,1,2024-04-23 02:01:42,2024-04-23 02:01:42
182,4,123,4,17,142,NULL,2020-01-01 18:00:00,1,2024-04-23 02:01:42,2024-04-23 02:01:42
183,257,166,166,17,635,NULL,2020-01-01 22:10:00,1,2024-04-23 02:01:42,2024-04-23 02:01:42
184,19,73,73,17,516,NULL,2020-01-02 01:45:00,1,2024-04-23 02:01:42,2024-04-23 02:01:42
185,39,22,39,17,447,NULL,2020-01-02 20:00:00,1,2024-04-23 02:01:42,2024-04-23 02:01:42
186,215,90,215,17,11,NULL,2020-01-01 00:30:00,1,2024-04-23 02:01:42,2024-04-23 02:01:42
187,140,160,160,17,14,NULL,2020-01-03 20:30:00,1,2024-04-23 02:01:42,2024-04-23 02:01:42
188,225,198,225,17,37,NULL,2020-01-04 16:30:00,1,2024-04-23 02:01:42,2024-04-23 02:01:42
189,121,108,108,17,370,NULL,2019-12-26 21:00:00,1,2024-04-23 02:01:42,2024-04-23 02:01:42
190,161,157,161,33,466,NULL,2020-12-19 17:00:00,1,2024-04-23 02:01:42,2024-04-23 02:01:42
191,93,162,162,33,56,NULL,2020-12-19 17:00:00,1,2024-04-23 02:01:42,2024-04-23 02:01:42
192,234,249,234,33,611,NULL,2020-12-19 18:30:00,1,2024-04-23 02:01:42,2024-04-23 02:01:42
193,15,2,15,33,92,NULL,2020-12-19 20:00:00,1,2024-04-23 02:01:42,2024-04-23 02:01:42
194,159,40,40,33,65,NULL,2020-12-19 21:00:00,1,2024-04-23 02:01:42,2024-04-23 02:01:42
195,257,126,257,33,143,NULL,2020-12-19 21:00:00,1,2024-04-23 02:01:42,2024-04-23 02:01:42
196,187,21,187,33,647,NULL,2020-12-19 21:40:00,1,2024-04-23 02:01:42,2024-04-23 02:01:42
197,63,4,4,33,515,NULL,2020-12-20 01:00:00,1,2024-04-23 02:01:42,2024-04-23 02:01:42
198,39,226,39,33,544,NULL,2020-12-20 01:00:00,1,2024-04-23 02:01:42,2024-04-23 02:01:42
199,43,234,234,32,277,NULL,2020-12-12 17:00:00,1,2024-04-23 02:01:42,2024-04-23 02:01:42
200,121,147,147,32,335,NULL,2020-12-12 20:30:00,1,2024-04-23 02:01:42,2024-04-23 02:01:42
201,92,257,92,32,425,NULL,2020-12-12 20:30:00,1,2024-04-23 02:01:42,2024-04-23 02:01:42
202,118,82,118,32,455,NULL,2020-12-12 20:30:00,1,2024-04-23 02:01:42,2024-04-23 02:01:42
203,67,54,67,32,99,NULL,2020-12-12 21:00:00,1,2024-04-23 02:01:42,2024-04-23 02:01:42
204,230,233,233,32,635,NULL,2020-12-13 00:30:00,1,2024-04-23 02:01:42,2024-04-23 02:01:42
205,244,243,244,32,438,NULL,2020-12-13 01:00:00,1,2024-04-23 02:01:42,2024-04-23 02:01:42
206,29,186,29,32,441,NULL,2020-12-13 03:00:00,1,2024-04-23 02:01:42,2024-04-23 02:01:42
207,127,16,16,32,210,NULL,2020-12-13 00:30:00,1,2024-04-23 02:01:42,2024-04-23 02:01:42
208,19,163,163,32,493,NULL,2020-12-12 20:30:00,1,2024-04-23 02:01:42,2024-04-23 02:01:42
209,210,163,210,31,37,NULL,2020-12-05 17:00:00,1,2024-04-23 02:01:42,2024-04-23 02:01:42
210,180,168,168,31,675,NULL,2020-12-05 17:00:00,1,2024-04-23 02:01:42,2024-04-23 02:01:42
211,225,118,225,31,78,NULL,2020-12-05 17:00:00,1,2024-04-23 02:01:42,2024-04-23 02:01:42
212,129,12,129,31,264,NULL,2020-12-05 17:00:00,1,2024-04-23 02:01:42,2024-04-23 02:01:42
213,254,59,59,31,773,NULL,2020-12-05 19:00:00,1,2024-04-23 02:01:42,2024-04-23 02:01:42
214,93,255,93,31,380,NULL,2020-12-05 20:30:00,1,2024-04-23 02:01:42,2024-04-23 02:01:42
215,257,90,90,31,143,NULL,2020-12-05 20:30:00,1,2024-04-23 02:01:42,2024-04-23 02:01:42
216,41,29,41,31,118,NULL,2020-12-05 22:30:00,1,2024-04-23 02:01:42,2024-04-23 02:01:42
217,11,230,230,31,716,NULL,2020-12-06 03:30:00,1,2024-04-23 02:01:42,2024-04-23 02:01:42
218,234,167,234,31,611,NULL,2020-12-06 03:30:00,1,2024-04-23 02:01:42,2024-04-23 02:01:42
219,215,93,93,30,206,NULL,2020-11-27 17:00:00,1,2024-04-23 02:01:42,2024-04-23 02:01:42
220,147,159,159,30,416,NULL,2020-11-27 20:30:00,1,2024-04-23 02:01:42,2024-04-23 02:01:42
221,123,168,168,30,521,NULL,2020-11-28 17:00:00,1,2024-04-23 02:01:42,2024-04-23 02:01:42
222,222,18,18,30,312,NULL,2020-11-28 17:00:00,1,2024-04-23 02:01:42,2024-04-23 02:01:42
223,56,188,56,30,227,NULL,2020-11-28 17:00:00,1,2024-04-23 02:01:42,2024-04-23 02:01:42
224,4,16,4,30,123,NULL,2020-11-28 20:30:00,1,2024-04-23 02:01:42,2024-04-23 02:01:42
225,165,127,165,30,765,NULL,2020-11-28 21:00:00,1,2024-04-23 02:01:42,2024-04-23 02:01:42
226,175,180,180,30,637,NULL,2020-11-28 21:00:00,1,2024-04-23 02:01:42,2024-04-23 02:01:42
227,161,90,161,29,553,NULL,2020-11-21 17:00:00,1,2024-04-23 02:01:42,2024-04-23 02:01:42
228,41,7,41,29,118,NULL,2020-11-21 17:00:00,1,2024-04-23 02:01:42,2024-04-23 02:01:42
229,229,39,39,29,116,NULL,2020-11-21 20:30:00,1,2024-04-23 02:01:42,2024-04-23 02:01:42
230,157,257,157,29,642,NULL,2020-11-21 20:30:00,1,2024-04-23 02:01:42,2024-04-23 02:01:42
231,140,186,140,29,473,NULL,2020-11-21 20:30:00,1,2024-04-23 02:01:42,2024-04-23 02:01:42
232,93,98,93,29,380,NULL,2020-11-21 21:00:00,1,2024-04-23 02:01:42,2024-04-23 02:01:42
233,162,163,162,29,300,NULL,2020-11-22 00:30:00,1,2024-04-23 02:01:42,2024-04-23 02:01:42
234,138,105,138,29,154,NULL,2020-11-22 00:30:00,1,2024-04-23 02:01:42,2024-04-23 02:01:42
235,180,123,123,29,675,NULL,2020-11-22 00:30:00,1,2024-04-23 02:01:42,2024-04-23 02:01:42
236,234,233,233,29,611,NULL,2020-11-22 03:30:00,1,2024-04-23 02:01:42,2024-04-23 02:01:42
237,244,121,121,28,438,NULL,2020-11-14 17:00:00,1,2024-04-23 02:01:42,2024-04-23 02:01:42
238,139,168,139,28,500,NULL,2020-11-14 17:00:00,1,2024-04-23 02:01:42,2024-04-23 02:01:42
239,225,15,225,28,78,NULL,2020-11-14 17:00:00,1,2024-04-23 02:01:42,2024-04-23 02:01:42
240,239,237,239,28,11,NULL,2020-11-14 20:00:00,1,2024-04-23 02:01:42,2024-04-23 02:01:42
241,243,111,243,28,660,NULL,2020-11-14 20:30:00,1,2024-04-23 02:01:42,2024-04-23 02:01:42
242,186,80,186,28,589,NULL,2020-11-14 21:00:00,1,2024-04-23 02:01:42,2024-04-23 02:01:42
243,175,157,157,28,637,NULL,2020-11-14 22:00:00,1,2024-04-23 02:01:42,2024-04-23 02:01:42
244,63,12,63,28,77,NULL,2020-11-15 00:00:00,1,2024-04-23 02:01:42,2024-04-23 02:01:42
245,226,188,226,28,679,NULL,2020-11-15 00:00:00,1,2024-04-23 02:01:42,2024-04-23 02:01:42
246,123,257,257,28,521,NULL,2020-11-15 00:30:00,1,2024-04-23 02:01:42,2024-04-23 02:01:42
247,90,123,90,27,500,NULL,2020-11-07 17:00:00,1,2024-04-23 02:01:42,2024-04-23 02:01:42
248,233,11,233,27,463,NULL,2020-11-07 17:00:00,1,2024-04-23 02:01:42,2024-04-23 02:01:42
249,215,255,215,27,206,NULL,2020-11-07 17:00:00,1,2024-04-23 02:01:42,2024-04-23 02:01:42
250,157,139,157,27,642,NULL,2020-11-07 17:00:00,1,2024-04-23 02:01:42,2024-04-23 02:01:42
251,73,63,63,27,257,NULL,2020-11-07 20:30:00,1,2024-04-23 02:01:42,2024-04-23 02:01:42
252,39,82,39,27,544,NULL,2020-11-07 20:30:00,1,2024-04-23 02:01:42,2024-04-23 02:01:42
253,98,163,163,27,85,NULL,2020-11-07 21:00:00,1,2024-04-23 02:01:42,2024-04-23 02:01:42
254,159,40,159,27,546,NULL,2020-11-08 00:30:00,1,2024-04-23 02:01:42,2024-04-23 02:01:42
255,12,212,12,27,222,NULL,2020-11-08 00:30:00,1,2024-04-23 02:01:42,2024-04-23 02:01:42
256,167,249,249,27,606,NULL,2020-11-08 03:30:00,1,2024-04-23 02:01:42,2024-04-23 02:01:42
257,39,118,39,26,544,NULL,2020-10-31 16:00:00,1,2024-04-23 02:01:42,2024-04-23 02:01:42
258,255,98,255,26,531,NULL,2020-10-31 16:00:00,1,2024-04-23 02:01:42,2024-04-23 02:01:42
259,87,175,175,26,500,NULL,2020-10-31 16:00:00,1,2024-04-23 02:01:42,2024-04-23 02:01:42
260,82,229,229,26,404,NULL,2020-10-31 18:00:00,1,2024-04-23 02:01:42,2024-04-23 02:01:42
261,19,210,210,26,493,NULL,2020-10-31 19:30:00,1,2024-04-23 02:01:42,2024-04-23 02:01:42
262,16,112,16,26,409,NULL,2020-10-31 19:30:00,1,2024-04-23 02:01:42,2024-04-23 02:01:42
263,163,215,215,26,106,NULL,2020-10-31 20:00:00,1,2024-04-23 02:01:42,2024-04-23 02:01:42
264,2,21,21,26,258,NULL,2020-10-31 22:00:00,1,2024-04-23 02:01:42,2024-04-23 02:01:42
265,168,161,161,26,73,NULL,2020-10-31 23:30:00,1,2024-04-23 02:01:42,2024-04-23 02:01:42
266,216,12,216,26,433,NULL,2020-10-31 23:30:00,1,2024-04-23 02:01:42,2024-04-23 02:01:42
267,147,138,147,25,416,NULL,2020-10-24 16:00:00,1,2024-04-23 02:01:42,2024-04-23 02:01:42
268,98,97,98,25,85,NULL,2020-10-24 16:00:00,1,2024-04-23 02:01:42,2024-04-23 02:01:42
269,165,16,16,25,765,NULL,2020-10-24 16:00:00,1,2024-04-23 02:01:42,2024-04-23 02:01:42
270,210,162,162,25,37,NULL,2020-10-24 16:00:00,1,2024-04-23 02:01:42,2024-04-23 02:01:42
271,111,67,111,25,567,NULL,2020-10-24 16:00:00,1,2024-04-23 02:01:42,2024-04-23 02:01:42
272,124,180,180,25,689,NULL,2020-10-24 16:00:00,1,2024-04-23 02:01:42,2024-04-23 02:01:42
273,163,93,163,25,106,NULL,2020-10-24 19:30:00,1,2024-04-23 02:01:42,2024-04-23 02:01:42
274,215,19,215,25,206,NULL,2020-10-24 19:30:00,1,2024-04-23 02:01:42,2024-04-23 02:01:42
275,126,123,123,25,722,NULL,2020-10-24 23:30:00,1,2024-04-23 02:01:42,2024-04-23 02:01:42
276,188,39,39,25,308,NULL,2020-10-25 01:00:00,1,2024-04-23 02:01:42,2024-04-23 02:01:42
277,229,21,229,35,116,NULL,2021-09-02 23:00:00,1,2024-04-23 02:01:42,2024-04-23 02:01:42
278,244,147,244,35,438,NULL,2021-09-03 22:00:00,1,2024-04-23 02:01:42,2024-04-23 02:01:42
279,257,168,168,35,143,NULL,2021-09-04 16:00:00,1,2024-04-23 02:01:42,2024-04-23 02:01:42
280,98,201,98,35,56,NULL,2021-09-04 16:00:00,1,2024-04-23 02:01:42,2024-04-23 02:01:42
281,121,4,4,35,515,NULL,2021-09-04 19:30:00,1,2024-04-23 02:01:42,2024-04-23 02:01:42
282,92,90,92,35,425,NULL,2021-09-04 19:30:00,1,2024-04-23 02:01:42,2024-04-23 02:01:42
283,215,108,215,35,206,NULL,2021-09-04 20:30:00,1,2024-04-23 02:01:42,2024-04-23 02:01:42
284,40,73,73,35,65,NULL,2021-09-04 23:30:00,1,2024-04-23 02:01:42,2024-04-23 02:01:42
285,230,112,230,35,635,NULL,2021-08-28 19:30:00,1,2024-04-23 02:01:42,2024-04-23 02:01:42
286,30,140,140,35,138,NULL,2021-09-05 02:30:00,1,2024-04-23 02:01:42,2024-04-23 02:01:42
287,161,166,166,36,553,NULL,2021-09-11 16:00:00,1,2024-04-23 02:01:42,2024-04-23 02:01:42
288,212,170,170,36,543,NULL,2021-09-11 16:00:00,1,2024-04-23 02:01:42,2024-04-23 02:01:42
289,139,27,139,36,500,NULL,2021-09-11 19:30:00,1,2024-04-23 02:01:42,2024-04-23 02:01:42
290,93,92,92,36,380,NULL,2021-09-11 20:30:00,1,2024-04-23 02:01:42,2024-04-23 02:01:42
291,249,171,249,36,480,NULL,2021-09-11 22:00:00,1,2024-04-23 02:01:42,2024-04-23 02:01:42
292,12,215,12,36,222,NULL,2021-09-11 23:00:00,1,2024-04-23 02:01:42,2024-04-23 02:01:42
293,7,121,7,36,335,NULL,2021-09-11 23:00:00,1,2024-04-23 02:01:42,2024-04-23 02:01:42
294,127,138,127,36,210,NULL,2021-09-11 23:00:00,1,2024-04-23 02:01:42,2024-04-23 02:01:42
295,123,248,123,36,521,NULL,2021-09-12 00:00:00,1,2024-04-23 02:01:42,2024-04-23 02:01:42
296,29,234,29,36,441,NULL,2021-09-12 02:15:00,1,2024-04-23 02:01:42,2024-04-23 02:01:42
297,90,39,39,37,500,NULL,2021-09-18 16:00:00,1,2024-04-23 02:01:42,2024-04-23 02:01:42
298,255,244,255,37,531,NULL,2021-09-18 16:00:00,1,2024-04-23 02:01:42,2024-04-23 02:01:42
299,121,124,124,37,335,NULL,2021-09-18 16:00:00,1,2024-04-23 02:01:42,2024-04-23 02:01:42
300,98,140,98,37,85,NULL,2021-09-18 18:00:00,1,2024-04-23 02:01:42,2024-04-23 02:01:42
301,159,175,159,37,546,NULL,2021-09-18 18:30:00,1,2024-04-23 02:01:42,2024-04-23 02:01:42
302,63,4,4,37,77,NULL,2021-09-18 19:30:00,1,2024-04-23 02:01:42,2024-04-23 02:01:42
303,168,16,168,37,73,NULL,2021-09-18 23:30:00,1,2024-04-23 02:01:42,2024-04-23 02:01:42
304,147,243,147,37,416,NULL,2021-09-18 23:30:00,1,2024-04-23 02:01:42,2024-04-23 02:01:42
305,29,11,29,37,441,NULL,2021-09-19 02:15:00,1,2024-04-23 02:01:42,2024-04-23 02:01:42
306,230,69,69,37,635,NULL,2021-09-19 02:45:00,1,2024-04-23 02:01:42,2024-04-23 02:01:42
307,257,159,159,38,683,NULL,2021-09-25 16:00:00,1,2024-04-23 02:01:42,2024-04-23 02:01:42
308,127,112,112,38,210,NULL,2021-09-25 16:00:00,1,2024-04-23 02:01:42,2024-04-23 02:01:42
309,22,129,22,38,29,NULL,2021-09-25 16:00:00,1,2024-04-23 02:01:42,2024-04-23 02:01:42
310,210,188,188,38,37,NULL,2021-09-25 16:00:00,1,2024-04-23 02:01:42,2024-04-23 02:01:42
311,12,216,12,38,56,NULL,2021-09-25 19:30:00,1,2024-04-23 02:01:42,2024-04-23 02:01:42
312,118,239,239,38,455,NULL,2021-09-25 19:30:00,1,2024-04-23 02:01:42,2024-04-23 02:01:42
313,67,111,111,38,99,NULL,2021-09-25 19:30:00,1,2024-04-23 02:01:42,2024-04-23 02:01:42
314,87,175,87,38,637,NULL,2021-09-25 19:30:00,1,2024-04-23 02:01:42,2024-04-23 02:01:42
315,201,230,230,38,701,NULL,2021-09-25 22:00:00,1,2024-04-23 02:01:42,2024-04-23 02:01:42
316,163,98,163,38,106,NULL,2021-09-25 23:00:00,1,2024-04-23 02:01:42,2024-04-23 02:01:42
317,73,12,73,39,650,NULL,2021-10-02 16:00:00,1,2024-04-23 02:01:42,2024-04-23 02:01:42
318,257,123,123,39,143,NULL,2021-10-02 16:00:00,1,2024-04-23 02:01:42,2024-04-23 02:01:42
319,210,215,215,39,37,NULL,2021-10-02 16:00:00,1,2024-04-23 02:01:42,2024-04-23 02:01:42
320,159,39,39,39,546,NULL,2021-10-02 18:30:00,1,2024-04-23 02:01:42,2024-04-23 02:01:42
321,4,165,4,39,123,NULL,2021-10-02 19:30:00,1,2024-04-23 02:01:42,2024-04-23 02:01:42
322,201,166,201,39,701,NULL,2021-10-02 19:30:00,1,2024-04-23 02:01:42,2024-04-23 02:01:42
323,163,19,163,39,106,NULL,2021-10-02 23:00:00,1,2024-04-23 02:01:42,2024-04-23 02:01:42
324,40,22,40,39,500,NULL,2021-10-02 23:30:00,1,2024-04-23 02:01:42,2024-04-23 02:01:42
325,112,16,16,39,731,NULL,2021-10-03 01:00:00,1,2024-04-23 02:01:42,2024-04-23 02:01:42
326,230,11,11,39,635,NULL,2021-10-03 02:30:00,1,2024-04-23 02:01:42,2024-04-23 02:01:42
327,215,162,162,40,189,NULL,2021-10-09 16:00:00,1,2024-04-23 02:01:42,2024-04-23 02:01:42
328,165,12,165,40,765,NULL,2021-10-09 16:00:00,1,2024-04-23 02:01:42,2024-04-23 02:01:42
329,54,76,76,40,775,NULL,2021-10-09 16:30:00,1,2024-04-23 02:01:42,2024-04-23 02:01:42
330,16,73,73,40,409,NULL,2021-10-09 19:30:00,1,2024-04-23 02:01:42,2024-04-23 02:01:42
331,29,21,21,40,441,NULL,2021-10-09 19:30:00,1,2024-04-23 02:01:42,2024-04-23 02:01:42
332,231,46,231,40,781,NULL,2021-10-09 19:30:00,1,2024-04-23 02:01:42,2024-04-23 02:01:42
333,92,168,92,40,425,NULL,2021-10-09 20:00:00,1,2024-04-23 02:01:42,2024-04-23 02:01:42
334,229,56,229,40,116,NULL,2021-10-09 22:00:00,1,2024-04-23 02:01:42,2024-04-23 02:01:42
335,253,239,239,40,359,NULL,2021-10-09 23:00:00,1,2024-04-23 02:01:42,2024-04-23 02:01:42
336,139,123,123,40,500,NULL,2021-10-09 23:30:00,1,2024-04-23 02:01:42,2024-04-23 02:01:42
337,108,7,108,41,137,NULL,2021-10-12 23:30:00,1,2024-04-23 02:01:42,2024-04-23 02:01:42
338,215,163,163,41,206,NULL,2021-10-16 16:00:00,1,2024-04-23 02:01:42,2024-04-23 02:01:42
339,46,260,46,41,605,NULL,2021-10-16 16:00:00,1,2024-04-23 02:01:42,2024-04-23 02:01:42
340,73,101,73,41,650,NULL,2021-10-16 19:30:00,1,2024-04-23 02:01:42,2024-04-23 02:01:42
341,19,29,19,41,493,NULL,2021-10-16 19:30:00,1,2024-04-23 02:01:42,2024-04-23 02:01:42
342,147,121,147,41,416,NULL,2021-10-16 19:30:00,1,2024-04-23 02:01:42,2024-04-23 02:01:42
343,127,4,4,41,210,NULL,2021-10-16 23:00:00,1,2024-04-23 02:01:42,2024-04-23 02:01:42
344,212,165,165,41,543,NULL,2021-10-16 23:30:00,1,2024-04-23 02:01:42,2024-04-23 02:01:42
345,98,93,93,41,85,NULL,2021-10-16 23:30:00,1,2024-04-23 02:01:42,2024-04-23 02:01:42
346,257,15,257,41,143,NULL,2021-10-17 00:00:00,1,2024-04-23 02:01:42,2024-04-23 02:01:42
347,7,41,7,42,424,NULL,2021-10-20 23:30:00,1,2024-04-23 02:01:42,2024-04-23 02:01:42
348,15,247,247,42,92,NULL,2021-10-23 16:00:00,1,2024-04-23 02:01:42,2024-04-23 02:01:42
349,175,257,257,42,637,NULL,2021-10-23 19:00:00,1,2024-04-23 02:01:42,2024-04-23 02:01:42
350,93,163,93,42,380,NULL,2021-10-23 19:30:00,1,2024-04-23 02:01:42,2024-04-23 02:01:42
351,230,166,166,42,635,NULL,2021-10-23 19:30:00,1,2024-04-23 02:01:42,2024-04-23 02:01:42
352,170,40,170,42,342,NULL,2021-10-23 19:30:00,1,2024-04-23 02:01:42,2024-04-23 02:01:42
353,222,254,222,42,312,NULL,2021-10-23 19:30:00,1,2024-04-23 02:01:42,2024-04-23 02:01:42
354,249,29,29,42,480,NULL,2021-10-23 19:30:00,1,2024-04-23 02:01:42,2024-04-23 02:01:42
355,159,233,159,42,546,NULL,2021-10-23 23:30:00,1,2024-04-23 02:01:42,2024-04-23 02:01:42
356,121,138,121,42,335,NULL,2021-10-23 23:30:00,1,2024-04-23 02:01:42,2024-04-23 02:01:42
357,124,123,124,43,689,NULL,2021-10-30 16:00:00,1,2024-04-23 02:01:42,2024-04-23 02:01:42
358,19,215,19,43,493,NULL,2021-10-30 16:00:00,1,2024-04-23 02:01:42,2024-04-23 02:01:42
359,63,73,73,43,257,NULL,2021-10-30 19:30:00,1,2024-04-23 02:01:42,2024-04-23 02:01:42
360,16,165,16,43,409,NULL,2021-10-30 23:00:00,1,2024-04-23 02:01:42,2024-04-23 02:01:42
361,127,101,127,43,210,NULL,2021-10-30 23:00:00,1,2024-04-23 02:01:42,2024-04-23 02:01:42
362,82,188,82,43,404,NULL,2021-10-30 23:00:00,1,2024-04-23 02:01:42,2024-04-23 02:01:42
363,161,168,161,43,553,NULL,2021-10-30 23:30:00,1,2024-04-23 02:01:42,2024-04-23 02:01:42
364,234,230,234,43,611,NULL,2021-10-31 02:00:00,1,2024-04-23 02:01:42,2024-04-23 02:01:42
365,29,243,29,43,441,NULL,2021-10-31 02:15:00,1,2024-04-23 02:01:42,2024-04-23 02:01:42
366,186,69,69,43,589,NULL,2021-10-31 02:30:00,1,2024-04-23 02:01:42,2024-04-23 02:01:42
367,22,244,22,44,29,NULL,2021-11-05 23:30:00,1,2024-04-23 02:01:42,2024-04-23 02:01:42
368,147,247,147,44,416,NULL,2021-11-06 16:00:00,1,2024-04-23 02:01:42,2024-04-23 02:01:42
369,165,105,165,44,765,NULL,2021-11-06 16:00:00,1,2024-04-23 02:01:42,2024-04-23 02:01:42
370,97,98,98,44,500,NULL,2021-11-06 16:00:00,1,2024-04-23 02:01:42,2024-04-23 02:01:42
371,216,16,216,44,433,NULL,2021-11-06 19:30:00,1,2024-04-23 02:01:42,2024-04-23 02:01:42
372,116,168,168,44,482,NULL,2021-11-06 19:30:00,1,2024-04-23 02:01:42,2024-04-23 02:01:42
373,12,127,12,44,222,NULL,2021-11-06 20:00:00,1,2024-04-23 02:01:42,2024-04-23 02:01:42
374,101,212,212,44,182,NULL,2021-11-06 23:00:00,1,2024-04-23 02:01:42,2024-04-23 02:01:42
375,69,21,21,44,129,NULL,2021-11-06 23:00:00,1,2024-04-23 02:01:42,2024-04-23 02:01:42
376,93,215,93,44,380,NULL,2021-11-06 23:30:00,1,2024-04-23 02:01:42,2024-04-23 02:01:42
377,170,147,170,45,342,NULL,2021-11-12 00:30:00,1,2024-04-23 02:01:42,2024-04-23 02:01:42
378,168,123,123,45,73,NULL,2021-11-13 17:00:00,1,2024-04-23 02:01:42,2024-04-23 02:01:42
379,19,162,19,45,493,NULL,2021-11-13 17:00:00,1,2024-04-23 02:01:42,2024-04-23 02:01:42
380,16,127,127,45,409,NULL,2021-11-13 17:00:00,1,2024-04-23 02:01:42,2024-04-23 02:01:42
381,188,229,188,45,308,NULL,2021-11-13 17:00:00,1,2024-04-23 02:01:42,2024-04-23 02:01:42
382,212,73,73,45,543,NULL,2021-11-13 20:30:00,1,2024-04-23 02:01:42,2024-04-23 02:01:42
383,92,126,92,45,425,NULL,2021-11-13 20:30:00,1,2024-04-23 02:01:42,2024-04-23 02:01:42
384,165,216,165,45,765,NULL,2021-11-14 00:00:00,1,2024-04-23 02:01:42,2024-04-23 02:01:42
385,247,138,247,45,69,NULL,2021-11-14 00:30:00,1,2024-04-23 02:01:42,2024-04-23 02:01:42
386,243,159,159,45,660,NULL,2021-11-14 00:30:00,1,2024-04-23 02:01:42,2024-04-23 02:01:42
387,161,124,161,46,553,NULL,2021-11-20 17:00:00,1,2024-04-23 02:01:42,2024-04-23 02:01:42
388,40,247,40,46,500,NULL,2021-11-20 17:00:00,1,2024-04-23 02:01:42,2024-04-23 02:01:42
389,4,12,4,46,123,NULL,2021-11-20 20:30:00,1,2024-04-23 02:01:42,2024-04-23 02:01:42
390,39,188,39,46,544,NULL,2021-11-20 20:30:00,1,2024-04-23 02:01:42,2024-04-23 02:01:42
391,116,123,123,46,482,NULL,2021-11-20 20:30:00,1,2024-04-23 02:01:42,2024-04-23 02:01:42
392,170,243,170,46,342,NULL,2021-11-20 20:30:00,1,2024-04-23 02:01:42,2024-04-23 02:01:42
393,239,227,239,46,11,NULL,2021-11-20 20:30:00,1,2024-04-23 02:01:42,2024-04-23 02:01:42
394,98,19,19,46,85,NULL,2021-11-20 22:30:00,1,2024-04-23 02:01:42,2024-04-23 02:01:42
395,234,166,234,46,611,NULL,2021-11-21 00:30:00,1,2024-04-23 02:01:42,2024-04-23 02:01:42
396,167,11,167,46,606,NULL,2021-11-21 03:30:00,1,2024-04-23 02:01:42,2024-04-23 02:01:42
397,186,21,186,47,712,NULL,2021-11-26 17:00:00,1,2024-04-23 02:01:42,2024-04-23 02:01:42
398,123,161,123,47,521,NULL,2021-11-27 17:00:00,1,2024-04-23 02:01:42,2024-04-23 02:01:42
399,63,67,63,47,77,NULL,2021-11-27 17:00:00,1,2024-04-23 02:01:42,2024-04-23 02:01:42
400,166,167,166,47,60,NULL,2021-11-27 20:30:00,1,2024-04-23 02:01:42,2024-04-23 02:01:42
401,115,253,253,47,394,NULL,2021-11-27 20:30:00,1,2024-04-23 02:01:42,2024-04-23 02:01:42
402,243,244,244,47,660,NULL,2021-11-27 20:45:00,1,2024-04-23 02:01:42,2024-04-23 02:01:42
403,126,257,126,47,722,NULL,2021-11-27 21:00:00,1,2024-04-23 02:01:42,2024-04-23 02:01:42
404,163,162,163,47,106,NULL,2021-11-28 00:30:00,1,2024-04-23 02:01:42,2024-04-23 02:01:42
405,111,101,101,47,567,NULL,2021-11-28 00:30:00,1,2024-04-23 02:01:42,2024-04-23 02:01:42
406,190,40,40,47,804,NULL,2021-11-28 00:30:00,1,2024-04-23 02:01:42,2024-04-23 02:01:42
407,239,253,239,48,11,NULL,2021-12-04 00:00:00,1,2024-04-23 02:01:42,2024-04-23 02:01:42
408,234,166,234,48,19,NULL,2021-12-04 01:00:00,1,2024-04-23 02:01:42,2024-04-23 02:01:42
409,163,19,19,48,56,NULL,2021-12-04 17:00:00,1,2024-04-23 02:01:42,2024-04-23 02:01:42
410,154,100,154,48,278,NULL,2021-12-04 17:00:00,1,2024-04-23 02:01:42,2024-04-23 02:01:42
411,186,235,235,48,712,NULL,2021-12-04 20:00:00,1,2024-04-23 02:01:42,2024-04-23 02:01:42
412,108,7,108,48,137,NULL,2021-12-04 20:30:00,1,2024-04-23 02:01:42,2024-04-23 02:01:42
413,4,73,4,48,515,NULL,2021-12-04 21:00:00,1,2024-04-23 02:01:42,2024-04-23 02:01:42
414,39,82,39,48,544,NULL,2021-12-04 21:00:00,1,2024-04-23 02:01:42,2024-04-23 02:01:42
415,92,123,123,48,466,NULL,2021-12-05 01:00:00,1,2024-04-23 02:01:42,2024-04-23 02:01:42
416,247,170,170,48,65,NULL,2021-12-05 01:00:00,1,2024-04-23 02:01:42,2024-04-23 02:01:42
417,222,125,125,50,729,NULL,2021-12-17 17:00:00,1,2024-04-23 02:01:42,2024-04-23 02:01:42
418,41,154,41,50,557,NULL,2021-12-17 23:00:00,1,2024-04-23 02:01:42,2024-04-23 02:01:42
419,7,253,253,50,265,NULL,2021-12-18 16:00:00,1,2024-04-23 02:01:42,2024-04-23 02:01:42
420,69,237,69,50,757,NULL,2021-12-18 19:15:00,1,2024-04-23 02:01:42,2024-04-23 02:01:42
421,29,227,227,50,370,NULL,2021-12-18 20:30:00,1,2024-04-23 02:01:42,2024-04-23 02:01:42
422,105,59,105,50,330,NULL,2021-12-18 22:45:00,1,2024-04-23 02:01:42,2024-04-23 02:01:42
423,167,235,235,50,682,NULL,2021-12-19 00:30:00,1,2024-04-23 02:01:42,2024-04-23 02:01:42
424,115,108,108,50,516,NULL,2021-12-19 02:15:00,1,2024-04-23 02:01:42,2024-04-23 02:01:42
425,226,164,226,50,118,NULL,2021-12-20 19:30:00,1,2024-04-23 02:01:42,2024-04-23 02:01:42
426,259,100,259,50,14,NULL,2021-12-21 20:30:00,1,2024-04-23 02:01:42,2024-04-23 02:01:42
427,186,239,186,50,743,NULL,2021-12-22 00:30:00,1,2024-04-23 02:01:42,2024-04-23 02:01:42
428,15,129,15,50,37,NULL,2021-12-23 01:00:00,1,2024-04-23 02:01:42,2024-04-23 02:01:42
429,122,156,122,50,743,NULL,2021-12-23 20:30:00,1,2024-04-23 02:01:42,2024-04-23 02:01:42
430,63,229,229,50,599,NULL,2021-12-24 00:00:00,1,2024-04-23 02:01:42,2024-04-23 02:01:42
431,18,75,75,50,196,NULL,2021-12-25 19:30:00,1,2024-04-23 02:01:42,2024-04-23 02:01:42
432,140,254,254,50,278,NULL,2021-12-27 16:00:00,1,2024-04-23 02:01:42,2024-04-23 02:01:42
433,16,82,82,50,585,NULL,2021-12-28 17:00:00,1,2024-04-23 02:01:42,2024-04-23 02:01:42
434,111,2,2,50,308,NULL,2021-12-28 20:15:00,1,2024-04-23 02:01:42,2024-04-23 02:01:42
435,220,127,220,50,455,NULL,2021-12-28 23:45:00,1,2024-04-23 02:01:42,2024-04-23 02:01:42
436,126,255,126,50,167,NULL,2021-12-29 03:15:00,1,2024-04-23 02:01:42,2024-04-23 02:01:42
437,244,116,116,50,813,NULL,2021-12-29 19:15:00,1,2024-04-23 02:01:42,2024-04-23 02:01:42
438,93,40,40,50,142,NULL,2021-12-29 22:45:00,1,2024-04-23 02:01:42,2024-04-23 02:01:42
439,162,166,162,50,11,NULL,2021-12-30 02:15:00,1,2024-04-23 02:01:42,2024-04-23 02:01:42
440,190,147,190,50,65,NULL,2021-12-30 16:30:00,1,2024-04-23 02:01:42,2024-04-23 02:01:42
441,175,212,175,50,545,NULL,2021-12-30 20:00:00,1,2024-04-23 02:01:42,2024-04-23 02:01:42
442,124,170,124,50,515,NULL,2021-12-31 00:00:00,1,2024-04-23 02:01:42,2024-04-23 02:01:42
443,11,257,257,50,19,NULL,2021-12-31 03:30:00,1,2024-04-23 02:01:42,2024-04-23 02:01:42
444,4,39,4,50,56,NULL,2021-12-31 20:30:00,1,2024-04-23 02:01:42,2024-04-23 02:01:42
445,123,73,73,50,335,NULL,2022-01-01 00:30:00,1,2024-04-23 02:01:42,2024-04-23 02:01:42
446,12,168,12,50,599,NULL,2022-01-01 17:00:00,1,2024-04-23 02:01:42,2024-04-23 02:01:42
447,159,163,163,50,756,NULL,2022-01-01 18:00:00,1,2024-04-23 02:01:42,2024-04-23 02:01:42
448,101,92,101,50,142,NULL,2022-01-01 18:00:00,1,2024-04-23 02:01:42,2024-04-23 02:01:42
449,161,234,161,50,635,NULL,2022-01-01 22:00:00,1,2024-04-23 02:01:42,2024-04-23 02:01:42
450,165,19,19,50,516,NULL,2022-01-02 01:45:00,1,2024-04-23 02:01:42,2024-04-23 02:01:42
451,98,112,98,50,548,NULL,2022-01-05 02:00:00,1,2024-04-23 02:01:42,2024-04-23 02:01:42
452,4,73,4,50,56,NULL,2021-12-31 20:30:00,1,2024-04-23 02:01:42,2024-04-23 02:01:42
453,170,255,170,51,342,NULL,2022-09-01 23:00:00,1,2024-04-23 02:01:42,2024-04-23 02:01:42
454,7,147,147,51,424,NULL,2022-09-03 16:00:00,1,2024-04-23 02:01:42,2024-04-23 02:01:42
455,73,166,73,51,515,NULL,2022-09-03 19:30:00,1,2024-04-23 02:01:42,2024-04-23 02:01:42
456,12,39,12,51,222,NULL,2022-09-03 19:30:00,1,2024-04-23 02:01:42,2024-04-23 02:01:42
457,239,82,82,51,11,NULL,2022-09-03 19:30:00,1,2024-04-23 02:01:42,2024-04-23 02:01:42
458,63,234,63,51,77,NULL,2022-09-03 23:00:00,1,2024-04-23 02:01:42,2024-04-23 02:01:42
459,41,15,41,51,118,NULL,2022-09-03 23:00:00,1,2024-04-23 02:01:42,2024-04-23 02:01:42
460,161,159,161,51,553,NULL,2022-09-03 23:30:00,1,2024-04-23 02:01:42,2024-04-23 02:01:42
461,167,21,167,51,606,NULL,2022-09-04 02:30:00,1,2024-04-23 02:01:42,2024-04-23 02:01:42
462,112,67,112,51,516,NULL,2022-09-04 23:30:00,1,2024-04-23 02:01:42,2024-04-23 02:01:42
463,215,4,4,52,206,NULL,2022-09-10 16:00:00,1,2024-04-23 02:01:42,2024-04-23 02:01:42
464,216,7,7,52,433,NULL,2022-09-10 19:30:00,1,2024-04-23 02:01:42,2024-04-23 02:01:42
465,170,212,212,52,342,NULL,2022-09-10 19:30:00,1,2024-04-23 02:01:42,2024-04-23 02:01:42
466,220,82,220,52,407,NULL,2022-09-10 20:00:00,1,2024-04-23 02:01:42,2024-04-23 02:01:42
467,92,93,93,52,425,NULL,2022-09-10 20:00:00,1,2024-04-23 02:01:42,2024-04-23 02:01:42
468,63,101,101,52,77,NULL,2022-09-10 23:00:00,1,2024-04-23 02:01:42,2024-04-23 02:01:42
469,201,233,233,52,701,NULL,2022-09-10 23:30:00,1,2024-04-23 02:01:42,2024-04-23 02:01:42
470,29,19,29,52,441,NULL,2022-09-11 02:15:00,1,2024-04-23 02:01:42,2024-04-23 02:01:42
471,69,167,167,52,129,NULL,2022-09-11 02:30:00,1,2024-04-23 02:01:42,2024-04-23 02:01:42
472,10,127,127,52,47,NULL,2022-09-11 03:00:00,1,2024-04-23 02:01:42,2024-04-23 02:01:42
473,166,29,166,53,60,NULL,2022-09-17 19:30:00,1,2024-04-23 02:01:42,2024-04-23 02:01:42
474,16,168,168,53,409,NULL,2022-09-17 19:30:00,1,2024-04-23 02:01:42,2024-04-23 02:01:42
475,82,97,97,53,404,NULL,2022-09-17 20:00:00,1,2024-04-23 02:01:42,2024-04-23 02:01:42
476,112,127,112,53,731,NULL,2022-09-17 22:00:00,1,2024-04-23 02:01:42,2024-04-23 02:01:42
477,248,124,248,53,366,NULL,2022-09-17 23:30:00,1,2024-04-23 02:01:42,2024-04-23 02:01:42
478,215,239,215,53,206,NULL,2022-09-18 00:00:00,1,2024-04-23 02:01:42,2024-04-23 02:01:42
479,216,121,216,53,433,NULL,2022-09-18 01:00:00,1,2024-04-23 02:01:42,2024-04-23 02:01:42
480,234,186,234,53,611,NULL,2022-09-18 02:00:00,1,2024-04-23 02:01:42,2024-04-23 02:01:42
481,233,69,233,53,463,NULL,2022-09-18 02:30:00,1,2024-04-23 02:01:42,2024-04-23 02:01:42
482,10,151,10,53,47,NULL,2022-09-18 03:00:00,1,2024-04-23 02:01:42,2024-04-23 02:01:42
483,247,40,40,54,69,NULL,2022-09-24 16:00:00,1,2024-04-23 02:01:42,2024-04-23 02:01:42
484,188,210,210,54,308,NULL,2022-09-24 16:00:00,1,2024-04-23 02:01:42,2024-04-23 02:01:42
485,97,54,97,54,500,NULL,2022-09-24 16:00:00,1,2024-04-23 02:01:42,2024-04-23 02:01:42
486,212,63,212,54,543,NULL,2022-09-24 19:30:00,1,2024-04-23 02:01:42,2024-04-23 02:01:42
487,147,159,159,54,416,NULL,2022-09-24 19:30:00,1,2024-04-23 02:01:42,2024-04-23 02:01:42
488,7,96,96,54,424,NULL,2022-09-24 19:30:00,1,2024-04-23 02:01:42,2024-04-23 02:01:42
489,249,166,166,54,480,NULL,2022-09-24 20:00:00,1,2024-04-23 02:01:42,2024-04-23 02:01:42
490,216,12,216,54,56,NULL,2022-09-24 23:00:00,1,2024-04-23 02:01:42,2024-04-23 02:01:42
491,161,257,161,54,553,NULL,2022-09-24 23:30:00,1,2024-04-23 02:01:42,2024-04-23 02:01:42
492,167,233,233,54,606,NULL,2022-09-25 01:30:00,1,2024-04-23 02:01:42,2024-04-23 02:01:42
493,230,248,230,55,635,NULL,2022-10-01 02:30:00,1,2024-04-23 02:01:42,2024-04-23 02:01:42
494,165,101,165,55,765,NULL,2022-10-01 16:00:00,1,2024-04-23 02:01:42,2024-04-23 02:01:42
495,234,167,234,55,611,NULL,2022-10-01 18:00:00,1,2024-04-23 02:01:42,2024-04-23 02:01:42
496,12,4,4,55,222,NULL,2022-10-01 19:30:00,1,2024-04-23 02:01:42,2024-04-23 02:01:42
497,19,163,163,55,493,NULL,2022-10-01 19:30:00,1,2024-04-23 02:01:42,2024-04-23 02:01:42
498,67,247,247,55,99,NULL,2022-10-01 19:30:00,1,2024-04-23 02:01:42,2024-04-23 02:01:42
499,97,93,97,55,500,NULL,2022-10-01 19:30:00,1,2024-04-23 02:01:42,2024-04-23 02:01:42
500,253,224,224,55,359,NULL,2022-10-01 23:00:00,1,2024-04-23 02:01:42,2024-04-23 02:01:42
501,40,138,40,55,500,NULL,2022-10-01 23:30:00,1,2024-04-23 02:01:42,2024-04-23 02:01:42
502,187,232,187,56,689,NULL,2022-10-08 02:30:00,1,2024-04-23 02:01:42,2024-04-23 02:01:42
503,112,212,212,56,731,NULL,2022-10-08 16:00:00,1,2024-04-23 02:01:42,2024-04-23 02:01:42
504,97,210,210,56,500,NULL,2022-10-08 16:00:00,1,2024-04-23 02:01:42,2024-04-23 02:01:42
505,127,12,127,56,210,NULL,2022-10-08 16:00:00,1,2024-04-23 02:01:42,2024-04-23 02:01:42
506,162,215,215,56,189,NULL,2022-10-08 16:00:00,1,2024-04-23 02:01:42,2024-04-23 02:01:42
507,116,175,175,56,482,NULL,2022-10-08 16:00:00,1,2024-04-23 02:01:42,2024-04-23 02:01:42
508,230,234,230,56,635,NULL,2022-10-08 19:30:00,1,2024-04-23 02:01:42,2024-04-23 02:01:42
509,233,249,233,56,463,NULL,2022-10-08 23:30:00,1,2024-04-23 02:01:42,2024-04-23 02:01:42
510,159,29,159,56,19,NULL,2022-10-08 23:30:00,1,2024-04-23 02:01:42,2024-04-23 02:01:42
511,138,67,138,56,154,NULL,2022-10-09 00:00:00,1,2024-04-23 02:01:42,2024-04-23 02:01:42
512,123,168,123,57,521,NULL,2022-10-15 16:00:00,1,2024-04-23 02:01:42,2024-04-23 02:01:42
513,162,97,162,57,300,NULL,2022-10-15 16:00:00,1,2024-04-23 02:01:42,2024-04-23 02:01:42
514,87,126,87,57,500,NULL,2022-10-15 16:00:00,1,2024-04-23 02:01:42,2024-04-23 02:01:42
515,212,4,212,57,543,NULL,2022-10-15 19:30:00,1,2024-04-23 02:01:42,2024-04-23 02:01:42
516,210,163,210,57,37,NULL,2022-10-15 19:30:00,1,2024-04-23 02:01:42,2024-04-23 02:01:42
517,208,138,208,57,152,NULL,2022-10-15 19:30:00,1,2024-04-23 02:01:42,2024-04-23 02:01:42
518,67,40,40,57,99,NULL,2022-10-15 23:30:00,1,2024-04-23 02:01:42,2024-04-23 02:01:42
519,234,233,234,57,611,NULL,2022-10-16 00:00:00,1,2024-04-23 02:01:42,2024-04-23 02:01:42
520,143,142,143,57,6,NULL,2022-10-16 00:00:00,1,2024-04-23 02:01:42,2024-04-23 02:01:42
521,167,249,167,57,606,NULL,2022-10-16 01:00:00,1,2024-04-23 02:01:42,2024-04-23 02:01:42
522,188,39,39,58,308,NULL,2022-10-22 16:00:00,1,2024-04-23 02:01:42,2024-04-23 02:01:42
523,19,97,19,58,493,NULL,2022-10-22 16:00:00,1,2024-04-23 02:01:42,2024-04-23 02:01:42
524,112,165,112,58,731,NULL,2022-10-22 19:30:00,1,2024-04-23 02:01:42,2024-04-23 02:01:42
525,166,230,166,58,60,NULL,2022-10-22 19:30:00,1,2024-04-23 02:01:42,2024-04-23 02:01:42
526,163,215,163,58,106,NULL,2022-10-22 19:30:00,1,2024-04-23 02:01:42,2024-04-23 02:01:42
527,44,80,44,58,145,NULL,2022-10-22 20:00:00,1,2024-04-23 02:01:42,2024-04-23 02:01:42
528,4,127,4,58,123,NULL,2022-10-22 23:00:00,1,2024-04-23 02:01:42,2024-04-23 02:01:42
529,168,126,168,58,73,NULL,2022-10-22 23:30:00,1,2024-04-23 02:01:42,2024-04-23 02:01:42
530,56,229,56,58,227,NULL,2022-10-22 23:30:00,1,2024-04-23 02:01:42,2024-04-23 02:01:42
531,210,98,210,58,37,NULL,2022-10-23 00:00:00,1,2024-04-23 02:01:42,2024-04-23 02:01:42
532,198,108,198,59,527,NULL,2022-10-27 23:30:00,1,2024-04-23 02:01:42,2024-04-23 02:01:42
533,168,161,161,59,73,NULL,2022-10-29 16:00:00,1,2024-04-23 02:01:42,2024-04-23 02:01:42
534,208,159,159,59,152,NULL,2022-10-29 16:00:00,1,2024-04-23 02:01:42,2024-04-23 02:01:42
535,98,163,98,59,85,NULL,2022-10-29 19:30:00,1,2024-04-23 02:01:42,2024-04-23 02:01:42
536,229,39,229,59,116,NULL,2022-10-29 19:30:00,1,2024-04-23 02:01:42,2024-04-23 02:01:42
537,92,157,92,59,425,NULL,2022-10-29 19:30:00,1,2024-04-23 02:01:42,2024-04-23 02:01:42
538,231,143,143,59,781,NULL,2022-10-29 19:30:00,1,2024-04-23 02:01:42,2024-04-23 02:01:42
539,212,101,212,59,543,NULL,2022-10-29 23:00:00,1,2024-04-23 02:01:42,2024-04-23 02:01:42
540,147,170,147,59,416,NULL,2022-10-30 00:00:00,1,2024-04-23 02:01:42,2024-04-23 02:01:42
541,69,186,69,59,129,NULL,2022-10-30 02:30:00,1,2024-04-23 02:01:42,2024-04-23 02:01:42
542,248,167,248,60,366,NULL,2022-11-05 02:30:00,1,2024-04-23 02:01:42,2024-04-23 02:01:42
543,73,212,73,60,650,NULL,2022-11-05 19:30:00,1,2024-04-23 02:01:42,2024-04-23 02:01:42
544,97,163,97,60,500,NULL,2022-11-05 19:30:00,1,2024-04-23 02:01:42,2024-04-23 02:01:42
545,170,208,170,60,342,NULL,2022-11-05 19:30:00,1,2024-04-23 02:01:42,2024-04-23 02:01:42
546,12,105,105,60,222,NULL,2022-11-05 20:00:00,1,2024-04-23 02:01:42,2024-04-23 02:01:42
547,112,4,112,60,731,NULL,2022-11-05 23:00:00,1,2024-04-23 02:01:42,2024-04-23 02:01:42
548,98,215,215,60,85,NULL,2022-11-05 23:00:00,1,2024-04-23 02:01:42,2024-04-23 02:01:42
549,159,40,159,60,546,NULL,2022-11-05 23:30:00,1,2024-04-23 02:01:42,2024-04-23 02:01:42
550,111,96,111,60,567,NULL,2022-11-05 23:30:00,1,2024-04-23 02:01:42,2024-04-23 02:01:42
551,138,247,138,60,154,NULL,2022-11-06 00:00:00,1,2024-04-23 02:01:42,2024-04-23 02:01:42
552,39,56,39,61,544,NULL,2022-11-12 01:00:00,1,2024-04-23 02:01:42,2024-04-23 02:01:42
553,164,96,96,61,279,NULL,2022-11-12 18:00:00,1,2024-04-23 02:01:42,2024-04-23 02:01:42
554,19,98,98,61,493,NULL,2022-11-13 00:00:00,1,2024-04-23 02:01:42,2024-04-23 02:01:42
555,87,175,175,61,500,NULL,2022-11-12 17:00:00,1,2024-04-23 02:01:42,2024-04-23 02:01:42
556,165,4,4,61,765,NULL,2022-11-12 20:30:00,1,2024-04-23 02:01:42,2024-04-23 02:01:42
557,225,229,229,61,78,NULL,2022-11-12 20:30:00,1,2024-04-23 02:01:42,2024-04-23 02:01:42
558,215,210,210,61,206,NULL,2022-11-13 00:30:00,1,2024-04-23 02:01:42,2024-04-23 02:01:42
559,247,147,147,61,69,NULL,2022-11-13 00:30:00,1,2024-04-23 02:01:42,2024-04-23 02:01:42
560,16,216,16,61,409,NULL,2022-11-13 00:30:00,1,2024-04-23 02:01:42,2024-04-23 02:01:42
561,208,67,67,61,152,NULL,2022-11-13 01:00:00,1,2024-04-23 02:01:42,2024-04-23 02:01:42
562,123,87,123,62,521,NULL,2022-11-19 17:00:00,1,2024-04-23 02:01:42,2024-04-23 02:01:42
563,19,210,210,62,493,NULL,2022-11-19 17:00:00,1,2024-04-23 02:01:42,2024-04-23 02:01:42
564,15,46,15,62,92,NULL,2022-11-19 17:00:00,1,2024-04-23 02:01:42,2024-04-23 02:01:42
565,56,82,82,62,227,NULL,2022-11-19 19:00:00,1,2024-04-23 02:01:42,2024-04-23 02:01:42
566,97,215,215,62,500,NULL,2022-11-19 20:30:00,1,2024-04-23 02:01:42,2024-04-23 02:01:42
567,126,92,92,62,722,NULL,2022-11-19 21:00:00,1,2024-04-23 02:01:42,2024-04-23 02:01:42
568,162,163,162,62,300,NULL,2022-11-20 00:30:00,1,2024-04-23 02:01:42,2024-04-23 02:01:42
569,230,233,233,62,635,NULL,2022-11-20 01:00:00,1,2024-04-23 02:01:42,2024-04-23 02:01:42
570,247,208,247,62,69,NULL,2022-11-20 01:00:00,1,2024-04-23 02:01:42,2024-04-23 02:01:42
571,166,234,166,62,60,NULL,2022-11-20 03:30:00,1,2024-04-23 02:01:42,2024-04-23 02:01:42
572,39,225,225,63,544,NULL,2022-11-25 17:00:00,1,2024-04-23 02:01:42,2024-04-23 02:01:42
573,67,63,67,63,99,NULL,2022-11-26 00:30:00,1,2024-04-23 02:01:42,2024-04-23 02:01:42
574,161,123,123,63,553,NULL,2022-11-26 17:00:00,1,2024-04-23 02:01:42,2024-04-23 02:01:42
575,40,190,190,63,500,NULL,2022-11-26 17:00:00,1,2024-04-23 02:01:42,2024-04-23 02:01:42
576,96,41,96,63,114,NULL,2022-11-26 17:00:00,1,2024-04-23 02:01:42,2024-04-23 02:01:42
577,101,111,101,63,182,NULL,2022-11-26 20:00:00,1,2024-04-23 02:01:42,2024-04-23 02:01:42
578,167,166,167,63,606,NULL,2022-11-26 20:30:00,1,2024-04-23 02:01:42,2024-04-23 02:01:42
579,54,247,54,63,775,NULL,2022-11-26 20:30:00,1,2024-04-23 02:01:42,2024-04-23 02:01:42
580,233,159,233,63,463,NULL,2022-11-27 00:30:00,1,2024-04-23 02:01:42,2024-04-23 02:01:42
581,98,97,98,63,85,NULL,2022-11-27 01:00:00,1,2024-04-23 02:01:42,2024-04-23 02:01:42
582,239,156,239,64,11,NULL,2022-12-03 00:30:00,1,2024-04-23 02:01:42,2024-04-23 02:01:42
583,233,234,234,64,19,NULL,2022-12-03 01:00:00,1,2024-04-23 02:01:42,2024-04-23 02:01:42
584,210,98,98,64,56,NULL,2022-12-03 17:00:00,1,2024-04-23 02:01:42,2024-04-23 02:01:42
585,160,222,222,64,278,NULL,2022-12-03 17:00:00,1,2024-04-23 02:01:42,2024-04-23 02:01:42
586,224,41,224,64,767,NULL,2022-12-03 20:30:00,1,2024-04-23 02:01:42,2024-04-23 02:01:42
587,73,112,73,64,515,NULL,2022-12-03 21:00:00,1,2024-04-23 02:01:42,2024-04-23 02:01:42
588,225,229,225,64,78,NULL,2022-12-03 21:00:00,1,2024-04-23 02:01:42,2024-04-23 02:01:42
589,21,69,69,64,14,NULL,2022-12-03 21:00:00,1,2024-04-23 02:01:42,2024-04-23 02:01:42
590,123,175,123,64,466,NULL,2022-12-04 01:00:00,1,2024-04-23 02:01:42,2024-04-23 02:01:42
591,227,122,227,66,729,NULL,2022-12-16 16:30:00,1,2024-04-23 02:01:42,2024-04-23 02:01:42
592,224,239,224,66,557,NULL,2022-12-16 20:00:00,1,2024-04-23 02:01:42,2024-04-23 02:01:42
593,111,39,111,66,267,NULL,2022-12-17 16:00:00,1,2024-04-23 02:01:42,2024-04-23 02:01:42
594,167,63,167,66,19,NULL,2022-12-17 19:30:00,1,2024-04-23 02:01:42,2024-04-23 02:01:42
595,69,249,69,66,682,NULL,2022-12-17 20:30:00,1,2024-04-23 02:01:42,2024-04-23 02:01:42
596,198,177,198,66,330,NULL,2022-12-17 22:45:00,1,2024-04-23 02:01:42,2024-04-23 02:01:42
597,29,188,29,66,757,NULL,2022-12-18 00:30:00,1,2024-04-23 02:01:42,2024-04-23 02:01:42
598,21,156,21,66,743,NULL,2022-12-18 02:15:00,1,2024-04-23 02:01:42,2024-04-23 02:01:42
599,46,115,115,66,118,NULL,2022-12-19 19:30:00,1,2024-04-23 02:01:42,2024-04-23 02:01:42
600,187,59,59,66,14,NULL,2022-12-20 20:30:00,1,2024-04-23 02:01:42,2024-04-23 02:01:42
601,222,105,222,66,265,NULL,2022-12-21 00:30:00,1,2024-04-23 02:01:42,2024-04-23 02:01:42
602,189,253,253,66,516,NULL,2022-12-22 02:00:00,1,2024-04-23 02:01:42,2024-04-23 02:01:42
603,2,19,2,66,37,NULL,2022-12-23 00:30:00,1,2024-04-23 02:01:42,2024-04-23 02:01:42
604,82,108,82,66,370,NULL,2022-12-23 20:00:00,1,2024-04-23 02:01:42,2024-04-23 02:01:42
605,129,247,247,66,599,NULL,2022-12-23 23:30:00,1,2024-04-23 02:01:42,2024-04-23 02:01:42
606,186,125,125,66,176,NULL,2022-12-25 01:00:00,1,2024-04-23 02:01:42,2024-04-23 02:01:42
607,23,143,143,66,278,NULL,2022-12-26 19:30:00,1,2024-04-23 02:01:42,2024-04-23 02:01:42
608,27,74,27,66,196,NULL,2022-12-27 17:00:00,1,2024-04-23 02:01:42,2024-04-23 02:01:42
609,235,118,118,66,308,NULL,2022-12-27 20:15:00,1,2024-04-23 02:01:42,2024-04-23 02:01:42
610,56,41,56,66,585,NULL,2022-12-27 23:45:00,1,2024-04-23 02:01:42,2024-04-23 02:01:42
611,163,257,257,66,167,NULL,2022-12-28 03:15:00,1,2024-04-23 02:01:42,2024-04-23 02:01:42
612,54,229,54,66,540,NULL,2022-12-28 19:00:00,1,2024-04-23 02:01:42,2024-04-23 02:01:42
613,12,97,12,66,455,NULL,2022-12-28 22:30:00,1,2024-04-23 02:01:42,2024-04-23 02:01:42
614,147,166,166,66,576,NULL,2022-12-29 01:00:00,1,2024-04-23 02:01:42,2024-04-23 02:01:42
615,165,220,220,66,548,NULL,2022-12-29 02:00:00,1,2024-04-23 02:01:42,2024-04-23 02:01:42
616,126,208,126,66,813,NULL,2022-12-29 19:00:00,1,2024-04-23 02:01:42,2024-04-23 02:01:42
617,67,162,67,66,142,NULL,2022-12-29 22:30:00,1,2024-04-23 02:01:42,2024-04-23 02:01:42
618,248,215,248,66,11,NULL,2022-12-30 02:00:00,1,2024-04-23 02:01:42,2024-04-23 02:01:42
619,138,116,116,66,65,NULL,2022-12-30 17:00:00,1,2024-04-23 02:01:42,2024-04-23 02:01:42
620,230,170,170,66,715,NULL,2022-12-30 19:00:00,1,2024-04-23 02:01:42,2024-04-23 02:01:42
621,190,159,159,66,257,NULL,2022-12-30 20:30:00,1,2024-04-23 02:01:42,2024-04-23 02:01:42
622,259,160,160,66,47,NULL,2022-12-30 21:30:00,1,2024-04-23 02:01:42,2024-04-23 02:01:42
623,40,212,212,66,335,NULL,2022-12-31 01:00:00,1,2024-04-23 02:01:42,2024-04-23 02:01:42
624,98,4,4,66,516,NULL,2022-12-31 17:00:00,1,2024-04-23 02:01:42,2024-04-23 02:01:42
625,101,92,92,66,545,NULL,2022-12-31 17:00:00,1,2024-04-23 02:01:42,2024-04-23 02:01:42
626,123,210,210,66,756,NULL,2022-12-31 21:00:00,1,2024-04-23 02:01:42,2024-04-23 02:01:42
627,73,161,73,66,515,NULL,2023-01-01 01:00:00,1,2024-04-23 02:01:42,2024-04-23 02:01:42
628,87,127,127,66,599,NULL,2023-01-02 17:00:00,1,2024-04-23 02:01:42,2024-04-23 02:01:42
629,233,225,225,66,56,NULL,2023-01-02 18:00:00,1,2024-04-23 02:01:42,2024-04-23 02:01:42
630,175,112,112,66,142,NULL,2023-01-02 18:00:00,1,2024-04-23 02:01:42,2024-04-23 02:01:42
631,234,168,168,66,635,NULL,2023-01-02 22:00:00,1,2024-04-23 02:01:42,2024-04-23 02:01:42
632,234,63,234,67,611,NULL,2023-09-01 00:00:00,1,2024-04-23 02:01:42,2024-04-23 02:01:42
633,121,122,121,67,335,NULL,2023-09-01 23:00:00,1,2024-04-23 02:01:42,2024-04-23 02:01:42
634,175,69,69,67,637,NULL,2023-09-02 16:00:00,1,2024-04-23 02:01:42,2024-04-23 02:01:42
635,248,21,248,67,366,NULL,2023-09-02 19:30:00,1,2024-04-23 02:01:42,2024-04-23 02:01:42
636,82,239,82,67,404,NULL,2023-09-02 23:00:00,1,2024-04-23 02:01:42,2024-04-23 02:01:42
637,190,147,190,67,65,NULL,2023-09-02 23:30:00,1,2024-04-23 02:01:42,2024-04-23 02:01:42
638,87,222,87,67,500,NULL,2023-09-02 23:30:00,1,2024-04-23 02:01:42,2024-04-23 02:01:42
639,225,189,225,67,78,NULL,2023-09-03 00:00:00,1,2024-04-23 02:01:42,2024-04-23 02:01:42
640,67,112,67,67,142,NULL,2023-09-03 23:30:00,1,2024-04-23 02:01:42,2024-04-23 02:01:42
641,54,40,54,67,775,NULL,2023-09-05 00:00:00,1,2024-04-23 02:01:42,2024-04-23 02:01:42
642,138,159,159,68,154,NULL,2023-09-09 16:00:00,1,2024-04-23 02:01:42,2024-04-23 02:01:42
643,243,96,96,68,660,NULL,2023-09-09 16:00:00,1,2024-04-23 02:01:42,2024-04-23 02:01:42
644,225,165,165,68,78,NULL,2023-09-09 19:30:00,1,2024-04-23 02:01:42,2024-04-23 02:01:42
645,121,216,121,68,335,NULL,2023-09-09 19:30:00,1,2024-04-23 02:01:42,2024-04-23 02:01:42
646,239,219,239,68,11,NULL,2023-09-09 19:30:00,1,2024-04-23 02:01:42,2024-04-23 02:01:42
647,4,215,215,68,123,NULL,2023-09-09 23:00:00,1,2024-04-23 02:01:42,2024-04-23 02:01:42
648,220,166,166,68,407,NULL,2023-09-09 23:00:00,1,2024-04-23 02:01:42,2024-04-23 02:01:42
649,21,229,229,68,14,NULL,2023-09-09 23:00:00,1,2024-04-23 02:01:42,2024-04-23 02:01:42
650,127,10,127,68,210,NULL,2023-09-09 23:30:00,1,2024-04-23 02:01:42,2024-04-23 02:01:42
651,11,163,163,68,716,NULL,2023-09-10 02:30:00,1,2024-04-23 02:01:42,2024-04-23 02:01:42
652,129,98,129,69,264,NULL,2023-09-16 16:00:00,1,2024-04-23 02:01:42,2024-04-23 02:01:42
653,73,190,73,69,650,NULL,2023-09-16 19:30:00,1,2024-04-23 02:01:42,2024-04-23 02:01:42
654,147,126,147,69,416,NULL,2023-09-16 19:30:00,1,2024-04-23 02:01:42,2024-04-23 02:01:42
655,124,248,248,69,689,NULL,2023-09-16 21:00:00,1,2024-04-23 02:01:42,2024-04-23 02:01:42
656,63,212,63,69,77,NULL,2023-09-16 23:00:00,1,2024-04-23 02:01:42,2024-04-23 02:01:42
657,224,96,96,69,767,NULL,2023-09-16 23:00:00,1,2024-04-23 02:01:42,2024-04-23 02:01:42
658,12,29,29,69,222,NULL,2023-09-16 23:30:00,1,2024-04-23 02:01:42,2024-04-23 02:01:42
659,255,170,255,69,531,NULL,2023-09-16 23:30:00,1,2024-04-23 02:01:42,2024-04-23 02:01:42
660,82,210,210,69,404,NULL,2023-09-17 00:00:00,1,2024-04-23 02:01:42,2024-04-23 02:01:42
661,11,69,69,69,716,NULL,2023-09-17 02:30:00,1,2024-04-23 02:01:42,2024-04-23 02:01:42
662,40,67,67,70,500,NULL,2023-09-23 16:00:00,1,2024-04-23 02:01:42,2024-04-23 02:01:42
663,224,253,224,70,767,NULL,2023-09-23 16:00:00,1,2024-04-23 02:01:42,2024-04-23 02:01:42
664,210,188,210,70,37,NULL,2023-09-23 16:00:00,1,2024-04-23 02:01:42,2024-04-23 02:01:42
665,166,43,166,70,60,NULL,2023-09-23 19:30:00,1,2024-04-23 02:01:42,2024-04-23 02:01:42
666,234,230,234,70,611,NULL,2023-09-23 19:30:00,1,2024-04-23 02:01:42,2024-04-23 02:01:42
667,4,165,4,70,123,NULL,2023-09-23 19:30:00,1,2024-04-23 02:01:42,2024-04-23 02:01:42
668,249,167,249,70,480,NULL,2023-09-23 23:00:00,1,2024-04-23 02:01:42,2024-04-23 02:01:42
669,259,7,259,70,779,NULL,2023-09-23 23:00:00,1,2024-04-23 02:01:42,2024-04-23 02:01:42
670,159,161,161,70,546,NULL,2023-09-23 23:30:00,1,2024-04-23 02:01:42,2024-04-23 02:01:42
671,168,92,168,70,73,NULL,2023-09-23 23:30:00,1,2024-04-23 02:01:42,2024-04-23 02:01:42
672,167,234,167,71,606,NULL,2023-09-30 01:00:00,1,2024-04-23 02:01:42,2024-04-23 02:01:42
673,96,189,96,71,114,NULL,2023-09-30 16:00:00,1,2024-04-23 02:01:42,2024-04-23 02:01:42
674,16,73,73,71,409,NULL,2023-09-30 19:30:00,1,2024-04-23 02:01:42,2024-04-23 02:01:42
675,215,97,215,71,206,NULL,2023-09-30 19:30:00,1,2024-04-23 02:01:42,2024-04-23 02:01:42
676,229,19,19,71,116,NULL,2023-09-30 19:30:00,1,2024-04-23 02:01:42,2024-04-23 02:01:42
677,118,21,118,71,455,NULL,2023-09-30 20:00:00,1,2024-04-23 02:01:42,2024-04-23 02:01:42
678,165,112,165,71,765,NULL,2023-09-30 22:00:00,1,2024-04-23 02:01:42,2024-04-23 02:01:42
679,177,56,177,71,612,NULL,2023-09-30 23:00:00,1,2024-04-23 02:01:42,2024-04-23 02:01:42
680,54,159,159,71,775,NULL,2023-09-30 23:30:00,1,2024-04-23 02:01:42,2024-04-23 02:01:42
681,210,255,255,71,37,NULL,2023-10-01 00:00:00,1,2024-04-23 02:01:42,2024-04-23 02:01:42
682,243,256,243,72,660,NULL,2023-10-07 16:00:00,1,2024-04-23 02:01:42,2024-04-23 02:01:42
683,215,162,162,72,189,NULL,2023-10-07 16:00:00,1,2024-04-23 02:01:42,2024-04-23 02:01:42
684,129,112,112,72,264,NULL,2023-10-07 16:00:00,1,2024-04-23 02:01:42,2024-04-23 02:01:42
685,15,22,22,72,92,NULL,2023-10-07 16:00:00,1,2024-04-23 02:01:42,2024-04-23 02:01:42
686,138,115,138,72,154,NULL,2023-10-07 18:00:00,1,2024-04-23 02:01:42,2024-04-23 02:01:42
687,230,249,230,72,635,NULL,2023-10-07 19:00:00,1,2024-04-23 02:01:42,2024-04-23 02:01:42
688,216,4,4,72,433,NULL,2023-10-07 19:30:00,1,2024-04-23 02:01:42,2024-04-23 02:01:42
689,73,101,73,72,650,NULL,2023-10-07 23:00:00,1,2024-04-23 02:01:42,2024-04-23 02:01:42
690,111,159,111,72,567,NULL,2023-10-07 23:37:00,1,2024-04-23 02:01:42,2024-04-23 02:01:42
691,259,69,259,72,779,NULL,2023-10-08 00:00:00,1,2024-04-23 02:01:42,2024-04-23 02:01:42
692,248,166,248,73,366,NULL,2023-10-14 19:30:00,1,2024-04-23 02:01:42,2024-04-23 02:01:42
693,212,216,212,73,543,NULL,2023-10-14 19:30:00,1,2024-04-23 02:01:42,2024-04-23 02:01:42
694,163,97,163,73,106,NULL,2023-10-14 19:30:00,1,2024-04-23 02:01:42,2024-04-23 02:01:42
695,257,92,92,73,143,NULL,2023-10-14 20:00:00,1,2024-04-23 02:01:42,2024-04-23 02:01:42
696,249,10,10,73,480,NULL,2023-10-14 23:00:00,1,2024-04-23 02:01:42,2024-04-23 02:01:42
697,220,98,98,73,407,NULL,2023-10-14 23:00:00,1,2024-04-23 02:01:42,2024-04-23 02:01:42
698,159,233,159,73,546,NULL,2023-10-14 23:30:00,1,2024-04-23 02:01:42,2024-04-23 02:01:42
699,147,121,147,73,416,NULL,2023-10-14 23:30:00,1,2024-04-23 02:01:42,2024-04-23 02:01:42
700,167,230,167,73,606,NULL,2023-10-15 00:00:00,1,2024-04-23 02:01:42,2024-04-23 02:01:42
701,85,132,132,73,423,NULL,2023-10-15 02:30:00,1,2024-04-23 02:01:42,2024-04-23 02:01:42
702,115,96,96,74,394,NULL,2023-10-19 23:00:00,1,2024-04-23 02:01:42,2024-04-23 02:01:42
703,161,168,161,74,553,NULL,2023-10-21 16:00:00,1,2024-04-23 02:01:42,2024-04-23 02:01:42
704,212,4,212,74,123,NULL,2023-10-21 19:30:00,1,2024-04-23 02:01:42,2024-04-23 02:01:42
705,255,163,163,74,531,NULL,2023-10-21 19:30:00,1,2024-04-23 02:01:42,2024-04-23 02:01:42
706,122,222,222,74,810,NULL,2023-10-21 20:00:00,1,2024-04-23 02:01:42,2024-04-23 02:01:42
707,124,123,123,74,689,NULL,2023-10-21 23:30:00,1,2024-04-23 02:01:42,2024-04-23 02:01:42
708,67,54,67,74,99,NULL,2023-10-21 23:30:00,1,2024-04-23 02:01:42,2024-04-23 02:01:42
709,112,15,112,74,731,NULL,2023-10-21 23:30:00,1,2024-04-23 02:01:42,2024-04-23 02:01:42
710,233,234,234,74,463,NULL,2023-10-22 00:00:00,1,2024-04-23 02:01:42,2024-04-23 02:01:42
711,121,40,121,74,335,NULL,2023-10-22 00:00:00,1,2024-04-23 02:01:42,2024-04-23 02:01:42
712,97,162,97,75,500,NULL,2023-10-28 16:00:00,1,2024-04-23 02:01:42,2024-04-23 02:01:42
713,63,73,73,75,257,NULL,2023-10-28 19:30:00,1,2024-04-23 02:01:42,2024-04-23 02:01:42
714,215,29,215,75,206,NULL,2023-10-28 19:30:00,1,2024-04-23 02:01:42,2024-04-23 02:01:42
715,234,166,166,75,611,NULL,2023-10-28 19:30:00,1,2024-04-23 02:01:42,2024-04-23 02:01:42
716,111,54,111,75,567,NULL,2023-10-28 19:30:00,1,2024-04-23 02:01:42,2024-04-23 02:01:42
717,160,122,122,75,574,NULL,2023-10-28 19:30:00,1,2024-04-23 02:01:42,2024-04-23 02:01:42
718,101,212,212,75,182,NULL,2023-10-28 23:00:00,1,2024-04-23 02:01:42,2024-04-23 02:01:42
719,257,161,161,75,143,NULL,2023-10-28 23:30:00,1,2024-04-23 02:01:42,2024-04-23 02:01:42
720,10,167,10,75,47,NULL,2023-10-29 02:30:00,1,2024-04-23 02:01:42,2024-04-23 02:01:42
721,69,232,69,75,129,NULL,2023-10-29 02:30:00,1,2024-04-23 02:01:42,2024-04-23 02:01:42
722,215,98,215,76,206,NULL,2023-11-04 16:00:00,1,2024-04-23 02:01:42,2024-04-23 02:01:42
723,40,159,40,76,500,NULL,2023-11-04 16:00:00,1,2024-04-23 02:01:42,2024-04-23 02:01:42
724,190,95,190,76,804,NULL,2023-11-04 16:00:00,1,2024-04-23 02:01:42,2024-04-23 02:01:42
725,73,129,73,76,650,NULL,2023-11-04 19:30:00,1,2024-04-23 02:01:42,2024-04-23 02:01:42
726,163,162,163,76,106,NULL,2023-11-04 19:30:00,1,2024-04-23 02:01:42,2024-04-23 02:01:42
727,75,96,96,76,307,NULL,2023-11-04 19:30:00,1,2024-04-23 02:01:42,2024-04-23 02:01:42
728,93,97,97,76,380,NULL,2023-11-04 23:00:00,1,2024-04-23 02:01:42,2024-04-23 02:01:42
729,233,248,248,76,463,NULL,2023-11-04 23:30:00,1,2024-04-23 02:01:42,2024-04-23 02:01:42
730,4,112,4,76,123,NULL,2023-11-04 23:45:00,1,2024-04-23 02:01:42,2024-04-23 02:01:42
731,10,230,10,76,47,NULL,2023-11-05 02:30:00,1,2024-04-23 02:01:42,2024-04-23 02:01:42
732,168,123,123,77,73,NULL,2023-11-11 17:00:00,1,2024-04-23 02:01:42,2024-04-23 02:01:42
733,67,121,67,77,99,NULL,2023-11-11 20:30:00,1,2024-04-23 02:01:42,2024-04-23 02:01:42
734,248,234,248,77,366,NULL,2023-11-11 20:30:00,1,2024-04-23 02:01:42,2024-04-23 02:01:42
735,129,212,129,77,264,NULL,2023-11-11 20:30:00,1,2024-04-23 02:01:42,2024-04-23 02:01:42
736,229,163,229,77,116,NULL,2023-11-11 20:30:00,1,2024-04-23 02:01:42,2024-04-23 02:01:42
737,92,180,92,77,425,NULL,2023-11-11 20:30:00,1,2024-04-23 02:01:42,2024-04-23 02:01:42
738,73,165,73,77,650,NULL,2023-11-12 00:00:00,1,2024-04-23 02:01:42,2024-04-23 02:01:42
739,162,255,162,77,300,NULL,2023-11-12 00:00:00,1,2024-04-23 02:01:42,2024-04-23 02:01:42
740,147,54,147,77,416,NULL,2023-11-12 01:00:00,1,2024-04-23 02:01:42,2024-04-23 02:01:42
741,166,233,166,77,60,NULL,2023-11-12 03:30:00,1,2024-04-23 02:01:42,2024-04-23 02:01:42
742,104,102,102,78,317,NULL,2023-11-18 17:00:00,1,2024-04-23 02:01:42,2024-04-23 02:01:42
743,260,79,260,78,812,NULL,2023-11-18 17:00:00,1,2024-04-23 02:01:42,2024-04-23 02:01:42
744,256,178,178,78,816,NULL,2023-11-18 18:00:00,1,2024-04-23 02:01:42,2024-04-23 02:01:42
745,132,133,132,78,783,NULL,2023-11-18 19:00:00,1,2024-04-23 02:01:42,2024-04-23 02:01:42
746,10,234,10,78,47,NULL,2023-11-18 19:30:00,1,2024-04-23 02:01:42,2024-04-23 02:01:42
747,233,230,230,78,463,NULL,2023-11-18 20:30:00,1,2024-04-23 02:01:42,2024-04-23 02:01:42
748,11,166,166,78,716,NULL,2023-11-18 21:00:00,1,2024-04-23 02:01:42,2024-04-23 02:01:42
749,201,30,30,78,701,NULL,2023-11-18 23:30:00,1,2024-04-23 02:01:42,2024-04-23 02:01:42
750,85,86,85,78,423,NULL,2023-11-19 00:00:00,1,2024-04-23 02:01:42,2024-04-23 02:01:42
751,167,248,248,78,606,NULL,2023-11-19 00:30:00,1,2024-04-23 02:01:42,2024-04-23 02:01:42
752,139,92,92,79,500,NULL,2023-11-24 17:00:00,1,2024-04-23 02:01:42,2024-04-23 02:01:42
753,225,239,225,79,78,NULL,2023-11-24 20:30:00,1,2024-04-23 02:01:42,2024-04-23 02:01:42
754,166,167,166,79,60,NULL,2023-11-25 01:30:00,1,2024-04-23 02:01:42,2024-04-23 02:01:42
755,123,161,123,79,521,NULL,2023-11-25 17:00:00,1,2024-04-23 02:01:42,2024-04-23 02:01:42
756,111,101,101,79,567,NULL,2023-11-25 17:00:00,1,2024-04-23 02:01:42,2024-04-23 02:01:42
757,175,90,175,79,637,NULL,2023-11-25 17:00:00,1,2024-04-23 02:01:42,2024-04-23 02:01:42
758,126,257,257,79,722,NULL,2023-11-25 20:30:00,1,2024-04-23 02:01:42,2024-04-23 02:01:42
759,138,147,138,79,154,NULL,2023-11-26 01:00:00,1,2024-04-23 02:01:42,2024-04-23 02:01:42
760,98,93,93,79,85,NULL,2023-11-26 01:00:00,1,2024-04-23 02:01:42,2024-04-23 02:01:42
761,230,30,30,79,635,NULL,2023-11-26 03:30:00,1,2024-04-23 02:01:42,2024-04-23 02:01:42
762,105,143,105,80,805,NULL,2023-12-02 00:00:00,1,2024-04-23 02:01:42,2024-04-23 02:01:42
763,248,166,248,80,19,NULL,2023-12-02 01:00:00,1,2024-04-23 02:01:42,2024-04-23 02:01:42
764,215,163,215,80,56,NULL,2023-12-02 17:00:00,1,2024-04-23 02:01:42,2024-04-23 02:01:42
765,222,122,122,80,278,NULL,2023-12-02 17:00:00,1,2024-04-23 02:01:42,2024-04-23 02:01:42
766,232,21,21,80,19,NULL,2023-12-02 20:00:00,1,2024-04-23 02:01:42,2024-04-23 02:01:42
767,4,73,4,80,515,NULL,2023-12-02 21:00:00,1,2024-04-23 02:01:42,2024-04-23 02:01:42
768,225,188,188,80,78,NULL,2023-12-02 21:00:00,1,2024-04-23 02:01:42,2024-04-23 02:01:42
769,224,7,224,80,767,NULL,2023-12-02 21:00:00,1,2024-04-23 02:01:42,2024-04-23 02:01:42
770,92,123,123,80,466,NULL,2023-12-03 01:00:00,1,2024-04-23 02:01:42,2024-04-23 02:01:42
771,67,111,67,80,65,NULL,2023-12-03 01:00:00,1,2024-04-23 02:01:42,2024-04-23 02:01:42
772,160,74,160,82,118,NULL,2023-12-16 16:00:00,1,2024-04-23 02:01:42,2024-04-23 02:01:42
773,108,95,95,82,516,NULL,2023-12-16 19:15:00,1,2024-04-23 02:01:42,2024-04-23 02:01:42
774,7,122,7,82,116,NULL,2023-12-16 20:30:00,1,2024-04-23 02:01:42,2024-04-23 02:01:42
775,69,143,69,82,757,NULL,2023-12-16 22:45:00,1,2024-04-23 02:01:42,2024-04-23 02:01:42
776,21,230,230,82,682,NULL,2023-12-17 00:30:00,1,2024-04-23 02:01:42,2024-04-23 02:01:42
777,220,30,220,82,370,NULL,2023-12-17 02:15:00,1,2024-04-23 02:01:42,2024-04-23 02:01:42
778,164,253,253,82,388,NULL,2023-12-18 19:30:00,1,2024-04-23 02:01:42,2024-04-23 02:01:42
779,115,239,239,82,743,NULL,2023-12-20 02:00:00,1,2024-04-23 02:01:42,2024-04-23 02:01:42
780,208,200,200,82,265,NULL,2023-12-22 01:00:00,1,2024-04-23 02:01:42,2024-04-23 02:01:42
781,229,76,76,82,599,NULL,2023-12-22 23:30:00,1,2024-04-23 02:01:42,2024-04-23 02:01:42
782,54,224,54,82,585,NULL,2023-12-23 17:00:00,1,2024-04-23 02:01:42,2024-04-23 02:01:42
783,154,14,154,82,196,NULL,2023-12-23 17:00:00,1,2024-04-23 02:01:42,2024-04-23 02:01:42
784,2,96,2,82,37,NULL,2023-12-23 20:30:00,1,2024-04-23 02:01:42,2024-04-23 02:01:42
785,235,75,75,82,14,NULL,2023-12-23 20:30:00,1,2024-04-23 02:01:42,2024-04-23 02:01:42
786,59,189,189,82,330,NULL,2023-12-24 00:00:00,1,2024-04-23 02:01:42,2024-04-23 02:01:42
787,157,234,157,82,19,NULL,2023-12-24 00:30:00,1,2024-04-23 02:01:42,2024-04-23 02:01:42
788,187,41,41,82,176,NULL,2023-12-24 03:30:00,1,2024-04-23 02:01:42,2024-04-23 02:01:42
789,126,23,126,82,278,NULL,2023-12-26 19:00:00,1,2024-04-23 02:01:42,2024-04-23 02:01:42
790,177,219,219,82,308,NULL,2023-12-26 22:30:00,1,2024-04-23 02:01:42,2024-04-23 02:01:42
791,232,97,97,82,167,NULL,2023-12-27 02:00:00,1,2024-04-23 02:01:42,2024-04-23 02:01:42
792,225,244,244,82,540,NULL,2023-12-27 19:00:00,1,2024-04-23 02:01:42,2024-04-23 02:01:42
793,255,147,255,82,65,NULL,2023-12-27 22:30:00,1,2024-04-23 02:01:42,2024-04-23 02:01:42
794,233,111,233,82,576,NULL,2023-12-28 01:00:00,1,2024-04-23 02:01:42,2024-04-23 02:01:42
795,163,216,163,82,548,NULL,2023-12-28 02:00:00,1,2024-04-23 02:01:42,2024-04-23 02:01:42
796,22,188,22,82,267,NULL,2023-12-28 16:00:00,1,2024-04-23 02:01:42,2024-04-23 02:01:42
797,121,180,180,82,813,NULL,2023-12-28 19:15:00,1,2024-04-23 02:01:42,2024-04-23 02:01:42
798,98,138,98,82,142,NULL,2023-12-28 22:45:00,1,2024-04-23 02:01:42,2024-04-23 02:01:42
799,162,10,10,82,11,NULL,2023-12-29 02:15:00,1,2024-04-23 02:01:42,2024-04-23 02:01:42
800,101,40,40,82,257,NULL,2023-12-29 17:00:00,1,2024-04-23 02:01:42,2024-04-23 02:01:42
801,159,167,159,82,715,NULL,2023-12-29 19:00:00,1,2024-04-23 02:01:42,2024-04-23 02:01:42
802,93,118,118,82,455,NULL,2023-12-29 20:30:00,1,2024-04-23 02:01:42,2024-04-23 02:01:42
803,161,129,129,82,56,NULL,2023-12-30 01:00:00,1,2024-04-23 02:01:42,2024-04-23 02:01:42
804,168,165,165,82,515,NULL,2023-12-30 17:00:00,1,2024-04-23 02:01:42,2024-04-23 02:01:42
805,116,16,116,82,545,NULL,2023-12-30 19:00:00,1,2024-04-23 02:01:42,2024-04-23 02:01:42
806,67,73,73,82,335,NULL,2023-12-30 21:00:00,1,2024-04-23 02:01:42,2024-04-23 02:01:42
807,259,222,259,82,47,NULL,2023-12-30 21:30:00,1,2024-04-23 02:01:42,2024-04-23 02:01:42
808,112,257,112,82,599,NULL,2024-01-01 17:00:00,1,2024-04-23 02:01:42,2024-04-23 02:01:42
809,166,105,166,82,756,NULL,2024-01-01 18:00:00,1,2024-04-23 02:01:42,2024-04-23 02:01:42
810,212,92,212,82,142,NULL,2024-01-01 18:00:00,1,2024-04-23 02:01:42,2024-04-23 02:01:42
811,123,4,123,82,635,NULL,2024-01-01 22:00:00,1,2024-04-23 02:01:42,2024-04-23 02:01:42
812,248,215,248,82,516,NULL,2024-01-02 01:45:00,1,2024-04-23 02:01:42,2024-04-23 02:01:42
813,229,188,229,55,116,NULL,2022-10-05 23:00:00,1,2024-04-23 02:01:42,2024-04-23 02:01:42