1,Swifty,1,2024-04-23 01:47:52,2024-04-23 01:47:52
2,Swift,1,2024-04-23 01:47:52,2024-04-23 01:47:52
3,Kodee,2,2024-04-23 01:47:52,2024-04-23 01:47:52
4,Jodi,2,2024-04-23 01:47:52,2024-04-23 01:47:52
5,Keater,3,2024-04-23 01:47:52,2024-04-23 01:47:52
6,Skeet,3,2024-04-23 01:47:52,2024-04-23 01:47:52
7,Wafflechamp,4,2024-04-23 01:47:52,2024-04-23 01:47:52
8,Zob,4,2024-04-23 01:47:52,2024-04-23 01:47:52
9,Zobes,4,2024-04-23 01:47:52,2024-04-23 01:47:52
10,Zober,4,2024-04-23 01:47:52,2024-04-23 01:47:52
11,Meekal,5,2024-04-23 01:47:52,2024-04-23 01:47:52
12,Mikail,5,2024-04-23 01:47:52,2024-04-23 01:47:52
13,8675309,6,2024-04-23 01:47:52,2024-04-23 01:47:52
14,Gwynieveeev,6,2024-04-23 01:47:52,2024-04-23 01:47:52
15,Gywineeviev,6,2024-04-23 01:47:52,2024-04-23 01:47:52
16,G-Money,6,2024-04-23 01:47:52,2024-04-23 01:47:52
17,Loges,7,2024-04-23 01:47:52,2024-04-23 01:47:52
18,LNL,7,2024-04-23 01:47:52,2024-04-23 01:47:52
19,PBP,8,2024-04-23 01:47:52,2024-04-23 01:47:52
20,Perri,8,2024-04-23 01:47:52,2024-04-23 01:47:52
21,Perrier,8,2024-04-23 01:47:52,2024-04-23 01:47:52
22,Goober,8,2024-04-23 01:47:52,2024-04-23 01:47:52
23,Shermy,9,2024-04-23 01:47:52,2024-04-23 01:47:52
24,Druber,9,2024-04-23 01:47:52,2024-04-23 01:47:52
25,Alejandria,10,2024-04-23 01:47:52,2024-04-23 01:47:52
26,Alex,11,2024-04-23 01:47:52,2024-04-23 01:47:52
27,Martini,12,2024-04-23 01:47:52,2024-04-23 01:47:52
28,GM,12,2024-04-23 01:47:52,2024-04-23 01:47:52
29,Ali,13,2024-04-23 01:47:52,2024-04-23 01:47:52
30,Tiktoker,13,2024-04-23 01:47:52,2024-04-23 01:47:52
31,CALi,13,2024-04-23 01:47:52,2024-04-23 01:47:52
32,Paige,14,2024-04-23 01:47:52,2024-04-23 01:47:52
33,Vegas,14,2024-04-23 01:47:52,2024-04-23 01:47:52
34,Vegas Paige,14,2024-04-23 01:47:52,2024-04-23 01:47:52